﻿内容,点赞,日期,作者,地点,作者主页
哈哈哈哈哈哈哈哈哈哈,408,2025-03-28,是阿姐！,福建,https://www.xiaohongshu.com/user/profile/619067a8000000002102b157?channel_type=web_note_detail_r10&amp;parent_page_channel_type=web_user_board&amp;xsec_token=ABMXqBMsZb1zh0opBj9_F4ZqARricD4s9BBpTgHWTVw6I=&amp;xsec_source=pc_comment
t,0,2025-03-28,你礼貌吗,上海,https://www.xiaohongshu.com/user/profile/62af3791000000001b029449?channel_type=web_note_detail_r10&amp;parent_page_channel_type=web_user_board&amp;xsec_token=ABrOJ8-hch24VFLRLzlI6bK6mQydzPGGKlqBBYKTPstP8=&amp;xsec_source=pc_comment
没看懂啊,40,2025-03-28,瘦30斤,吉林,https://www.xiaohongshu.com/user/profile/5a819ed44eacab0eb9167f5d?channel_type=web_note_detail_r10&amp;parent_page_channel_type=web_user_board&amp;xsec_token=ABJFfwzCHMmMFhdJvQ8UVrEGY2Vy9ibDzHzxOM8860jbE=&amp;xsec_source=pc_comment
钥匙挂内裤边上了,82,2025-03-28,奶茶不会再拖re,河北,https://www.xiaohongshu.com/user/profile/612989f70000000001009c5e?channel_type=web_note_detail_r10&amp;parent_page_channel_type=web_user_board&amp;xsec_token=ABBF2H1Z-yqDKsezpdj15Dt5RygskTFzegQYm2zqYSokY=&amp;xsec_source=pc_comment
你俩这笑声 都有点 哈哈哈哈哈,1,2025-03-28,花花🌹🌹🐑🐑,天津,https://www.xiaohongshu.com/user/profile/56581dfbb8c8b43a88097dcd?channel_type=web_note_detail_r10&amp;parent_page_channel_type=web_user_board&amp;xsec_token=ABA9mnsFuphp_x_NQzSeQo8sQsXgHWYiVJ4dPVbdOB_IY=&amp;xsec_source=pc_comment
师傅哈哈哈哈哈里透着尴尬,0,2025-03-28,Desdemona,浙江,https://www.xiaohongshu.com/user/profile/6228da590000000010008b95?channel_type=web_note_detail_r10&amp;parent_page_channel_type=web_user_board&amp;xsec_token=ABMbOsVlusVbHCsbCZR65EUv5k2SqzkwNZU-zYMExSpwo=&amp;xsec_source=pc_comment
哈哈哈哈哈哈哈师傅的笑声笑死我了,1,2025-03-28,FGYESC,广东,https://www.xiaohongshu.com/user/profile/5bfe9487000000000801657b?channel_type=web_note_detail_r10&amp;parent_page_channel_type=web_user_board&amp;xsec_token=AB5dDA4UXKgMFvmyoF2aqFZtQmeiF4n6Y9lpF9D4l6Yj8=&amp;xsec_source=pc_comment
@爱吃的懒羊 ,0,2025-03-28,好睡的老张,河南,https://www.xiaohongshu.com/user/profile/5cd110d3000000001002983a?channel_type=web_note_detail_r10&amp;parent_page_channel_type=web_user_board&amp;xsec_token=ABqgA3OPVE61TmCtLfl6Xogejo6v6LYBVPlrhq-4HEANk=&amp;xsec_source=pc_comment
哼哼哼哼哼哼哼,1,2025-03-28,柠檬🍋,安徽,https://www.xiaohongshu.com/user/profile/5ea3e65d000000000100b157?channel_type=web_note_detail_r10&amp;parent_page_channel_type=web_user_board&amp;xsec_token=ABoEL4v4YC_rdS8eBnN-8lE1z_EKvh8YoikwvY5jhF5r0=&amp;xsec_source=pc_comment
你俩……你俩哈哈哈哈哈,0,2025-03-28,杏仁Surekki,北京,https://www.xiaohongshu.com/user/profile/562269a782718c67fac8ad02?channel_type=web_note_detail_r10&amp;parent_page_channel_type=web_user_board&amp;xsec_token=ABxYWyLQ8S-4Re0-lGtsrFE2YUabR0-_sMJfY1Ts3gkDA=&amp;xsec_source=pc_comment
,0,2025-03-28,懒惰一条虫,马来西亚,https://www.xiaohongshu.com/user/profile/5d8f53e90000000001001c0c?channel_type=web_note_detail_r10&amp;parent_page_channel_type=web_user_board&amp;xsec_token=ABkR1nXg7cfZ-o699u1X7AojarCXdQrGQ0SQIUyTLmUEQ=&amp;xsec_source=pc_comment
,0,2025-03-28,孔三儿,北京,https://www.xiaohongshu.com/user/profile/57d6adc17fc5b81e4ba653e4?channel_type=web_note_detail_r10&amp;parent_page_channel_type=web_user_board&amp;xsec_token=ABYbXSy9qsYarYjiNdZB6LGYKVMAfqcrFbqR2xYjJ1yoU=&amp;xsec_source=pc_comment
哈哈哈，师傅说看破不说破嘛,1,2025-03-28,艾上阳光,湖南,https://www.xiaohongshu.com/user/profile/6150934e0000000002026cbe?channel_type=web_note_detail_r10&amp;parent_page_channel_type=web_user_board&amp;xsec_token=ABMZeKYOfwuXqPSJIC5NkmJ3Ww6axWQ4Lg4sCFZmZERJQ=&amp;xsec_source=pc_comment
@嘀哩嘀哩哩巴巴,0,2025-03-28,846349491619,江苏,https://www.xiaohongshu.com/user/profile/5aed43644eacab30ee222256?channel_type=web_note_detail_r10&amp;parent_page_channel_type=web_user_board&amp;xsec_token=ABbhQP4paYbXoKqabjkBZ60XETWCNK5Hyu_q2D4083Zpc=&amp;xsec_source=pc_comment
哈哈哈哈,0,2025-03-28,嘀哩嘀哩哩巴巴,江苏,https://www.xiaohongshu.com/user/profile/5b715ccfe8ac2b182e447292?channel_type=web_note_detail_r10&amp;parent_page_channel_type=web_user_board&amp;xsec_token=AB3nCCCopmpVRD1XeHlqVqkAV70S1IoAWAzgLuD8LeSUI=&amp;xsec_source=pc_comment
@ᅠᅠᅠ 一开始没懂,0,2025-03-28,MOMO,浙江,https://www.xiaohongshu.com/user/profile/59ddc01dde5fb4733211da91?channel_type=web_note_detail_r10&amp;parent_page_channel_type=web_user_board&amp;xsec_token=ABHJA2JaaeFzDakh7CA15zFYcese-AGitZ5Z450g4mkDM=&amp;xsec_source=pc_comment
这怎么卡住的,0,2025-03-28,ᅠᅠᅠ,浙江,https://www.xiaohongshu.com/user/profile/55dd22a2f5a2634d78d624a1?channel_type=web_note_detail_r10&amp;parent_page_channel_type=web_user_board&amp;xsec_token=AB7W2gvdKDrJfQK_7DnpgeNNI6ExC-ora4VjyAyXtVzo4=&amp;xsec_source=pc_comment
@bobostar 喜死我了,1,2025-03-28,丸咲子,广东,https://www.xiaohongshu.com/user/profile/635a0015000000001802fa88?channel_type=web_note_detail_r10&amp;parent_page_channel_type=web_user_board&amp;xsec_token=ABHAu8CJvBEHU1xpGV1gOviQx81-JJmHrGHBUoUcFvdF4=&amp;xsec_source=pc_comment
@安忆鸭丶 ,0,2025-03-28,Sun心病狂女士,福建,https://www.xiaohongshu.com/user/profile/5a4465344eacab1c3b3e8806?channel_type=web_note_detail_r10&amp;parent_page_channel_type=web_user_board&amp;xsec_token=AB4bFYug-s-WCoGRktUooZmq5vh6jIJ-n94qtBNls7AtE=&amp;xsec_source=pc_comment
俩个好逗哟～哈哈哈哈哈,0,2025-03-28,Girl,马来西亚,https://www.xiaohongshu.com/user/profile/6226c1ea000000001000d044?channel_type=web_note_detail_r10&amp;parent_page_channel_type=web_user_board&amp;xsec_token=ABtlWp3cxGRUvjArxeJkYh2tcWKALfYD34lFPDgtrU8NM=&amp;xsec_source=pc_comment
@🐟le 越走越紧哈哈哈哈哈哈哈,0,2025-03-28,鱼.Le,山东,https://www.xiaohongshu.com/user/profile/5ea93c720000000001009ebb?channel_type=web_note_detail_r10&amp;parent_page_channel_type=web_user_board&amp;xsec_token=AB9zlanB8Ei18TfezrG3LfOY-aSPLce6BtqCqe2QFSJw4=&amp;xsec_source=pc_comment
@Baby Blue. ,0,2025-03-28,巧克力与月🌛,河南,https://www.xiaohongshu.com/user/profile/5f4b5cbd0000000001007894?channel_type=web_note_detail_r10&amp;parent_page_channel_type=web_user_board&amp;xsec_token=ABAtR19NGQIMnVK7uWmpJL871JRCox4-j7OiNb9doyaTs=&amp;xsec_source=pc_comment
,0,2025-03-28,酱香饼杀手🐭🐹,辽宁,https://www.xiaohongshu.com/user/profile/5a1d4b004eacab6b2cc27dd1?channel_type=web_note_detail_r10&amp;parent_page_channel_type=web_user_board&amp;xsec_token=ABQSIm_SMl9kUzuxVoOI_G6NJIiBOLVxOCwcErcwLcAqA=&amp;xsec_source=pc_comment
,0,2025-03-28,肆春,福建,https://www.xiaohongshu.com/user/profile/63f19532000000001001c98a?channel_type=web_note_detail_r10&amp;parent_page_channel_type=web_user_board&amp;xsec_token=ABXab40V2FMCX1NmgGxT07dz5VG_U9gQ2QPAhkNa_nfVs=&amp;xsec_source=pc_comment
两位是高手过招,0,2025-03-28,风吹麦浪,新西兰,https://www.xiaohongshu.com/user/profile/66b007ad000000001d0235cb?channel_type=web_note_detail_r10&amp;parent_page_channel_type=web_user_board&amp;xsec_token=ABZhlwyqyZCsZIgFsjInd2BW_oeWk53MFRrYuiNeJWwbw=&amp;xsec_source=pc_comment
嘿嘿嘿,1,2025-03-28,灵溪漾梦影🐻,四川,https://www.xiaohongshu.com/user/profile/5ed28578000000000101d2b8?channel_type=web_note_detail_r10&amp;parent_page_channel_type=web_user_board&amp;xsec_token=ABTZ_ohdjI6x4mYUu4kbI524US-nLzukIEe4BuSXxRoqw=&amp;xsec_source=pc_comment
哈哈哈,0,2025-03-28,佑佑的小世界,贵州,https://www.xiaohongshu.com/user/profile/657d6987000000001c0182a0?channel_type=web_note_detail_r10&amp;parent_page_channel_type=web_user_board&amp;xsec_token=ABPY02Yht-CR71HA3Tdtmw2R_VHPeo7bpJ4XtCTEFxlWk=&amp;xsec_source=pc_comment
,0,2025-03-28,前沿研报,上海,https://www.xiaohongshu.com/user/profile/67ae8b9d000000000e01d20a?channel_type=web_note_detail_r10&amp;parent_page_channel_type=web_user_board&amp;xsec_token=ABEAAL6FA6R7Otlrhqz2KEdqWibONNrU4bmhldvejTX0A=&amp;xsec_source=pc_comment
@清辉,1,2025-03-28,满月,江苏,https://www.xiaohongshu.com/user/profile/638dfcd6000000001f01bcc6?channel_type=web_note_detail_r10&amp;parent_page_channel_type=web_user_board&amp;xsec_token=ABcsZ2qC_Xv4Cl19HUxbIQUeix-2-Ki_L6PvOZ6o7DxGI=&amp;xsec_source=pc_comment
,0,2025-03-28,清辉,江苏,https://www.xiaohongshu.com/user/profile/637e3402000000001f015b3b?channel_type=web_note_detail_r10&amp;parent_page_channel_type=web_user_board&amp;xsec_token=ABF27Zbh_aY2PoQPMV_k9EgWDsnGn0sDwO8tFD8oNLW4w=&amp;xsec_source=pc_comment
挂到里面去了,1,2025-03-28,小蛞抖👑🐸,四川,https://www.xiaohongshu.com/user/profile/5fb4decd000000000100ae4d?channel_type=web_note_detail_r10&amp;parent_page_channel_type=web_user_board&amp;xsec_token=ABAs50BqPfrD7D8bPax5QBr85_5OJVUrkCp1tR5cMPX_A=&amp;xsec_source=pc_comment
,0,2025-03-28,我就说开发客户不难吧,江苏,https://www.xiaohongshu.com/user/profile/5d0f2e4e000000001100fc4d?channel_type=web_note_detail_r10&amp;parent_page_channel_type=web_user_board&amp;xsec_token=ABcxPEYzy82nRjO8dWk17MZa0jxvIrG0sFl71Q4wxrz5E=&amp;xsec_source=pc_comment
,0,2025-03-28,momo,陕西,https://www.xiaohongshu.com/user/profile/5c286ccb0000000006018712?channel_type=web_note_detail_r10&amp;parent_page_channel_type=web_user_board&amp;xsec_token=ABURsZlEHjifccON2x9lxDgVs0YtWpNQMZCkyOeZKZVts=&amp;xsec_source=pc_comment
我靠 突然憋不住了,2,2025-03-28,Sun and Hope.,广东,https://www.xiaohongshu.com/user/profile/66322479000000000303175e?channel_type=web_note_detail_r10&amp;parent_page_channel_type=web_user_board&amp;xsec_token=AB6GOytBtvdCfHm3QYLGh2qqFZ-1QbAr2FTnwE21dI9m8=&amp;xsec_source=pc_comment
,0,2025-03-28,小红薯63C171E5,河南,https://www.xiaohongshu.com/user/profile/63c1694f0000000026005e18?channel_type=web_note_detail_r10&amp;parent_page_channel_type=web_user_board&amp;xsec_token=ABXlWGTFRLlAqme3-EsJWUsfkU717IUkH1BSMvnx1Lm94=&amp;xsec_source=pc_comment
笑死,0,2025-03-28,Lingling,中国香港,https://www.xiaohongshu.com/user/profile/62d17e760000000002002626?channel_type=web_note_detail_r10&amp;parent_page_channel_type=web_user_board&amp;xsec_token=ABEb0u3jRzS8EkaVEWMEqiGmpVNW2hb6ae-lfRo8oD6Rw=&amp;xsec_source=pc_comment
,0,2025-03-28,与宁同在（｡ò - ó｡）,广东,https://www.xiaohongshu.com/user/profile/5cf682ef000000001601779e?channel_type=web_note_detail_r10&amp;parent_page_channel_type=web_user_board&amp;xsec_token=AB0BBk1XYi1DXlvyjfemiKKiFeKuV248x9qI5R_iBDdRk=&amp;xsec_source=pc_comment
,1,2025-03-28,我叫小妖精,广东,https://www.xiaohongshu.com/user/profile/63292af8000000002303b4bc?channel_type=web_note_detail_r10&amp;parent_page_channel_type=web_user_board&amp;xsec_token=ABGuk-gSQCbLD_-CNnitXGvNXRWY89atNktW2qnOn_WCg=&amp;xsec_source=pc_comment
,0,2025-03-28,喵小猫封面,广东,https://www.xiaohongshu.com/user/profile/600c4f31000000000101e100?channel_type=web_note_detail_r10&amp;parent_page_channel_type=web_user_board&amp;xsec_token=ABykzGZ1ZC7z2peX2BQSpypGJTq2OoekIHVipArL-9Viw=&amp;xsec_source=pc_comment
猫人的,2,2025-03-28,momo,江苏,https://www.xiaohongshu.com/user/profile/634a871c000000001802be22?channel_type=web_note_detail_r10&amp;parent_page_channel_type=web_user_board&amp;xsec_token=ABlI5Q0MlBIwLNE1wqE5nAFjVHK026eDhaOFAWSg6o_3Q=&amp;xsec_source=pc_comment
哈哈哈哈哈哈哈,0,2025-03-28,我🤷,广东,https://www.xiaohongshu.com/user/profile/5aef2173e8ac2b0eacd9cad7?channel_type=web_note_detail_r10&amp;parent_page_channel_type=web_user_board&amp;xsec_token=ABA50EqFhUyGUzr3w_gv6h7T83CZ9NfUkGdF-dG-3eZns=&amp;xsec_source=pc_comment
,1,2025-03-28,迷侯桃NeoHooo,广东,https://www.xiaohongshu.com/user/profile/5fee8bf10000000001004dff?channel_type=web_note_detail_r10&amp;parent_page_channel_type=web_user_board&amp;xsec_token=ABosIPz5YzHfxCoJUVSfzREkxYPbnAe5cD01VFp-xBJ6s=&amp;xsec_source=pc_comment
,2,2025-03-28,给我饭,贵州,https://www.xiaohongshu.com/user/profile/58c69e325e87e747c23d6c22?channel_type=web_note_detail_r10&amp;parent_page_channel_type=web_user_board&amp;xsec_token=AB6ZVhNYiVVCR3UppQVOXZBGyta5E7-LtedSxTwwuRXl4=&amp;xsec_source=pc_comment
@老王儿,0,2025-03-28,麻辣炸香锅,爱尔兰,https://www.xiaohongshu.com/user/profile/66c76045000000001d021fdf?channel_type=web_note_detail_r10&amp;parent_page_channel_type=web_user_board&amp;xsec_token=AB5HMRzPRlhtiXzz_oDqEh-QuLAXtcIGnazciwGFR-wkE=&amp;xsec_source=pc_comment
哈哈哈哈哈哈哈哈哈哈哈哈哈哈,0,2025-03-28,老王儿,安徽,https://www.xiaohongshu.com/user/profile/61ad848b00000000100071e7?channel_type=web_note_detail_r10&amp;parent_page_channel_type=web_user_board&amp;xsec_token=ABWj6KxNl3RWN4LnGFGjqDPet6HXMbz4DakIQkHcgN9pw=&amp;xsec_source=pc_comment
猫人的,3,2025-03-28,呆米发发糖勤劳,安徽,https://www.xiaohongshu.com/user/profile/56fe00961c07df4f3b987e9e?channel_type=web_note_detail_r10&amp;parent_page_channel_type=web_user_board&amp;xsec_token=ABF0AIAMXLLSdoY2ufPpbrTRdHhb7TKeioJp_rhVvDpvQ=&amp;xsec_source=pc_comment
@小红薯63F0FF1C,1,2025-03-28,改得好名字的地瓜,安徽,https://www.xiaohongshu.com/user/profile/65013ff50000000005000968?channel_type=web_note_detail_r10&amp;parent_page_channel_type=web_user_board&amp;xsec_token=ABQhUMigdyaOAPAcNunV9nQBiZkkO03GD6RwYDpVZyP_U=&amp;xsec_source=pc_comment
,0,2025-03-28,小红薯63F0FF1C,安徽,https://www.xiaohongshu.com/user/profile/63f0b2c2000000001001e6fb?channel_type=web_note_detail_r10&amp;parent_page_channel_type=web_user_board&amp;xsec_token=AB1XJbzOgqijk1f8nLaSw2_Gn0yDqpL1f-jnPhwvPam9c=&amp;xsec_source=pc_comment
明显能从笑里感到师父好尴尬,23,2025-03-28,安然的猫,广东,https://www.xiaohongshu.com/user/profile/56588ffc50c4b435c6ee8d19?channel_type=web_note_detail_r10&amp;parent_page_channel_type=web_user_board&amp;xsec_token=ABJ26D6Y20S9EcAThcFW9xW4o8opif6bgfv31F_HWbk-o=&amp;xsec_source=pc_comment
@药引k（已跑路@若只如初见,1,2025-03-28,之大王,江西,https://www.xiaohongshu.com/user/profile/66a4fad1000000000b03270b?channel_type=web_note_detail_r10&amp;parent_page_channel_type=web_user_board&amp;xsec_token=ABHh1x6v0spL93fz3Ti0VbwnHsTL0r9ccam0BrgLqvTw8=&amp;xsec_source=pc_comment
,0,2025-03-28,周公不入梦,江西,https://www.xiaohongshu.com/user/profile/667fb798000000001e00d6a7?channel_type=web_note_detail_r10&amp;parent_page_channel_type=web_user_board&amp;xsec_token=AB-CYKwH9oZ-1jF-gEDkQNx6mUbNB1x7xUUXnPahP0NT4=&amp;xsec_source=pc_comment
,0,2025-03-28,Baek先生.,四川,https://www.xiaohongshu.com/user/profile/600be70f000000000100730c?channel_type=web_note_detail_r10&amp;parent_page_channel_type=web_user_board&amp;xsec_token=ABpl9-cDLeV9Brx0_EgaCdesdZorbY-6eMX0W92XaolvQ=&amp;xsec_source=pc_comment
內褲越走越緊笑出腹肌了 鵝鵝鵝鵝鵝鵝,5,2025-03-28,吳九融,中国台湾,https://www.xiaohongshu.com/user/profile/66374a630000000007005950?channel_type=web_note_detail_r10&amp;parent_page_channel_type=web_user_board&amp;xsec_token=ABma7rgTA1ZryTXiew_W6YdOadgbD6IsOqgE3LjWP8eJI=&amp;xsec_source=pc_comment
哈哈哈哈，他不说最后那句话还不觉得那么好笑,8,2025-03-28,李夏天🍺,四川,https://www.xiaohongshu.com/user/profile/5d11d8ad0000000011022066?channel_type=web_note_detail_r10&amp;parent_page_channel_type=web_user_board&amp;xsec_token=AB60QjJNAVEb5jDa-alUfI3SLoWBLPJUiBwFWoTEnKYn4=&amp;xsec_source=pc_comment
@hiyiko_ 哈哈哈哈哈哈哈哈哈哈哈哈哈,5,2025-03-28,Vicky-雯,广东,https://www.xiaohongshu.com/user/profile/55b38390a75c951ed6634ef8?channel_type=web_note_detail_r10&amp;parent_page_channel_type=web_user_board&amp;xsec_token=ABaD38_ozJ6cm1vQQ0xnzitt5OLFNQWcVeh4HCG5t_lzQ=&amp;xsec_source=pc_comment
哈哈哈  越笑越尴尬,7,2025-03-28,不爱运动的胖子,河南,https://www.xiaohongshu.com/user/profile/5ccf7c3f000000001703c452?channel_type=web_note_detail_r10&amp;parent_page_channel_type=web_user_board&amp;xsec_token=AB6eWBCWuro0cR0x3T55AtNc-s1vPOwE8fuYZlm9jSA30=&amp;xsec_source=pc_comment
哈哈哈哈笑真的会传染哈哈哈哈,51,2025-03-28,He你拍张照,山东,https://www.xiaohongshu.com/user/profile/615d86d20000000002026352?channel_type=web_note_detail_r10&amp;parent_page_channel_type=web_user_board&amp;xsec_token=ABxHYQCozheUaDtk2cj1gRZhkvmSzfbQMGiXY-bjW_EVw=&amp;xsec_source=pc_comment
喜欢这个阿姨的笑声,14,2025-03-28,唯爱丶CDEFG,云南,https://www.xiaohongshu.com/user/profile/60c96642000000000101d68b?channel_type=web_note_detail_r10&amp;parent_page_channel_type=web_user_board&amp;xsec_token=ABYO705pHw7sTe12Vev_AVT4hQeIYWpqFORXiZehGYjfs=&amp;xsec_source=pc_comment
@_小刘耶,0,2025-03-28,慢条斯李女士,广东,https://www.xiaohongshu.com/user/profile/5b754decc41c6100016752c9?channel_type=web_note_detail_r10&amp;parent_page_channel_type=web_user_board&amp;xsec_token=ABGryEqRNsFQRVI1ucv4k5MBem7otuopscibeGkrHdK7s=&amp;xsec_source=pc_comment
哈哈哈哈哈哈哈哈哈哈,0,2025-03-28,_小刘耶,广东,https://www.xiaohongshu.com/user/profile/5c9455eb0000000012005621?channel_type=web_note_detail_r10&amp;parent_page_channel_type=web_user_board&amp;xsec_token=ABOUAPs5pqyw1gu5vBLPYRsF_xFQmy_SjSdjcsOUGT2jo=&amp;xsec_source=pc_comment
钥匙挂内裤上了？,0,2025-03-28,馨昱,山东,https://www.xiaohongshu.com/user/profile/5987e53d6a6a695e222a551f?channel_type=web_note_detail_r10&amp;parent_page_channel_type=web_user_board&amp;xsec_token=ABvqFEI18ux-LzWGfNiRsVMcnDJpEr4uSZ0Td1AjcUvIc=&amp;xsec_source=pc_comment
,1,2025-03-28,小红薯67885A99,陕西,https://www.xiaohongshu.com/user/profile/67871aed000000000801da17?channel_type=web_note_detail_r10&amp;parent_page_channel_type=web_user_board&amp;xsec_token=AB7B_e7rt5mSjJkUagvcl_prS0BHoxEEjF7UXFGwrH-lc=&amp;xsec_source=pc_comment
@棂訕,0,2025-03-28,要投胎了,河南,https://www.xiaohongshu.com/user/profile/6409f8bf000000001002baea?channel_type=web_note_detail_r10&amp;parent_page_channel_type=web_user_board&amp;xsec_token=AByWgZ5FezPBvxXfc6fofr_E09T8KMZF0AY2mzeZaXaw0=&amp;xsec_source=pc_comment
@幻象波普星來客 @碎碎念✨,0,2025-03-28,NICOYEAH👀,湖南,https://www.xiaohongshu.com/user/profile/58f4cadca9b2ed729707f744?channel_type=web_note_detail_r10&amp;parent_page_channel_type=web_user_board&amp;xsec_token=AB-nUrKSRzDlZMz9loSU_yQLGI20IVE4JwtGHCftPXPBk=&amp;xsec_source=pc_comment
@:),0,2025-03-28,ᅠᅠᅠ,湖北,https://www.xiaohongshu.com/user/profile/5c40baa900000000050110b5?channel_type=web_note_detail_r10&amp;parent_page_channel_type=web_user_board&amp;xsec_token=ABtCkf_EFdvO0RJnaT6chu4Vgdb_JqA8LS3lxsM8_CUx8=&amp;xsec_source=pc_comment
@xxx,0,2025-03-28,咸疑鱼X的翻身,浙江,https://www.xiaohongshu.com/user/profile/5dbc30a90000000001006c24?channel_type=web_note_detail_r10&amp;parent_page_channel_type=web_user_board&amp;xsec_token=ABrGHAVshrv4ADKrLOVdOZ_bYWRezTJJe5rvdlC9hmbIU=&amp;xsec_source=pc_comment
@司马瓜,0,2025-03-28,安啦光标,江苏,https://www.xiaohongshu.com/user/profile/5bd13d5af4978b00013d0810?channel_type=web_note_detail_r10&amp;parent_page_channel_type=web_user_board&amp;xsec_token=ABIFSRHtD_-xDrkSJbiEKPBdnryuQuXCUJz3bAhWzILKY=&amp;xsec_source=pc_comment
@是耳朵琳啊,0,2025-03-28,uhhassdf,重庆,https://www.xiaohongshu.com/user/profile/5b99292401f7400001d967d9?channel_type=web_note_detail_r10&amp;parent_page_channel_type=web_user_board&amp;xsec_token=ABZp5VfWBYXs9Xg0zDezR-EDzj5yZAa6d1STqDSqR9hbQ=&amp;xsec_source=pc_comment
@赵兮尔🍓,0,2025-03-28,momo,四川,https://www.xiaohongshu.com/user/profile/6483b892000000001f004495?channel_type=web_note_detail_r10&amp;parent_page_channel_type=web_user_board&amp;xsec_token=ABoP3S2JU1DFeqgxXCYo0Swh7k19Rgqexrh6dUO_7e3pg=&amp;xsec_source=pc_comment
@什么？？,0,2025-03-28,梦境岛,广东,https://www.xiaohongshu.com/user/profile/633d54c9000000001802d1fb?channel_type=web_note_detail_r10&amp;parent_page_channel_type=web_user_board&amp;xsec_token=AB0uExZX8fzio1qJALtINqhqfG-G4gLZTWJBcjVdIP8O8=&amp;xsec_source=pc_comment
@我爱吃饭 @owo @┐(&nbsp;‾᷅㉨‾᷅&nbsp;)┌&nbsp;怪我,0,2025-03-28,annnn,江苏,https://www.xiaohongshu.com/user/profile/5f94ac420000000001009e2f?channel_type=web_note_detail_r10&amp;parent_page_channel_type=web_user_board&amp;xsec_token=ABdfT-YgVTrgRo-qhJRT88RSP4C00jdJi2y1lGpivkS2U=&amp;xsec_source=pc_comment
@🌈 @冰冰不胖🍔,0,2025-03-28,发财📸,广东,https://www.xiaohongshu.com/user/profile/5d051f0b0000000012008953?channel_type=web_note_detail_r10&amp;parent_page_channel_type=web_user_board&amp;xsec_token=ABZ0Z1Gs5Ljfg8Jojq8jYFDWhc8TJ7pgJJoQkyMQRwh3M=&amp;xsec_source=pc_comment
@悄悄,0,2025-03-28,萧逸的柠檬糖,福建,https://www.xiaohongshu.com/user/profile/5cfbcf76000000001603add7?channel_type=web_note_detail_r10&amp;parent_page_channel_type=web_user_board&amp;xsec_token=ABL9kuGqAAjP52iOxsS2p2YpHGvCEQKJWRwv2yy9A0Apg=&amp;xsec_source=pc_comment
@皮蛋的妈咪,0,2025-03-28,💙阿欣欣欣欣欣🥕,四川,https://www.xiaohongshu.com/user/profile/5aecb5fae8ac2b6d5b57971b?channel_type=web_note_detail_r10&amp;parent_page_channel_type=web_user_board&amp;xsec_token=ABwzzZF4lrLckErJCuzr8KFeNJXG9IeOB48FSPEv7Zjzk=&amp;xsec_source=pc_comment
@台灯,0,2025-03-28,気候,湖南,https://www.xiaohongshu.com/user/profile/5fe406ef000000000100ac1b?channel_type=web_note_detail_r10&amp;parent_page_channel_type=web_user_board&amp;xsec_token=ABv_eBkNbzXrkAKRmfwIKaT346wwVxuKO6QLa1mZbgki4=&amp;xsec_source=pc_comment
@wifi,0,2025-03-28,猫鱼,湖南,https://www.xiaohongshu.com/user/profile/64ed6f110000000001011913?channel_type=web_note_detail_r10&amp;parent_page_channel_type=web_user_board&amp;xsec_token=AB6X7y9VD5Tctpz5vTzdkWTg4LB6bMWJCWPfdiGuk6kjE=&amp;xsec_source=pc_comment
@学琵琶的小猪（勇敢版）,0,2025-03-28,每天都很困🌈,广东,https://www.xiaohongshu.com/user/profile/670ce47a000000001d031636?channel_type=web_note_detail_r10&amp;parent_page_channel_type=web_user_board&amp;xsec_token=ABF3Ej63YvuFmurwN3EHVK3n5pc-Zw5ZNi5ibC5mTGHH4=&amp;xsec_source=pc_comment
@你报警吧🐈🐈🐈,0,2025-03-28,函数可导,内蒙古,https://www.xiaohongshu.com/user/profile/5a9bdcb911be1006bce06e5e?channel_type=web_note_detail_r10&amp;parent_page_channel_type=web_user_board&amp;xsec_token=ABv0w2KK8ojdXmTmn68n8gNrISmM5J2lnrd5mQHpHUbHA=&amp;xsec_source=pc_comment
@酷似彭于晏,0,2025-03-28,肉栗子🌰,山东,https://www.xiaohongshu.com/user/profile/5c7fbe1e00000000100226a1?channel_type=web_note_detail_r10&amp;parent_page_channel_type=web_user_board&amp;xsec_token=ABwkAVSLLnb3Nfqam9POJdleOLGYCoYnUSTxNx5Lsg72Q=&amp;xsec_source=pc_comment
@铁甲小月（苏苏家杂毛线什么时候倒闭）,0,2025-03-28,银河究极大魔王,山西,https://www.xiaohongshu.com/user/profile/5ee31c6f0000000001004ff9?channel_type=web_note_detail_r10&amp;parent_page_channel_type=web_user_board&amp;xsec_token=ABOGNaIA1ItlsqVlHpbg5IqG0MjusuhhYYPUz433L3Hv8=&amp;xsec_source=pc_comment
@Y炘,0,2025-03-28,无幻哈哈哈哈隔,江苏,https://www.xiaohongshu.com/user/profile/5f33e3d8000000000101fab5?channel_type=web_note_detail_r10&amp;parent_page_channel_type=web_user_board&amp;xsec_token=ABmxcJGQENeoF8UiPthUIeNmUjYKJLHnzbjndJpGIi2Sk=&amp;xsec_source=pc_comment
@HDHD,0,2025-03-28,多睡觉就好了哇,江西,https://www.xiaohongshu.com/user/profile/5e1f0cb2000000000100534f?channel_type=web_note_detail_r10&amp;parent_page_channel_type=web_user_board&amp;xsec_token=AB4gr5fMFI_fH2XF-fvEbRjd6QX7i9L66HezZgdf14vx4=&amp;xsec_source=pc_comment
@凡事先说私密马德,0,2025-03-28,酥酥嘎嘣脆（魔都情侣日常）,上海,https://www.xiaohongshu.com/user/profile/5d33e20d000000001202e915?channel_type=web_note_detail_r10&amp;parent_page_channel_type=web_user_board&amp;xsec_token=ABp2iQqjjpdj-UdR0zlJDZeRheo1dF_KDL5GhVup6svLw=&amp;xsec_source=pc_comment
看来我以后是做教导主任的料,0,2023-06-22,乔宇乐天派,,https://www.xiaohongshu.com/user/profile/5a21e84611be10611d4ca86b?channel_type=web_note_detail_r10&amp;parent_page_channel_type=web_user_board&amp;xsec_token=ABy9Gv5k9aaeEt1IBtZesX_THTfQojYDQxUlRIIocRpj0=&amp;xsec_source=pc_comment
刚刚,2835,2023-06-22,十七💤,,https://www.xiaohongshu.com/user/profile/63df943f00000000260067ff?channel_type=web_note_detail_r10&amp;parent_page_channel_type=web_user_board&amp;xsec_token=ABe90u1SW8Vs9V9Y8kjrlnSqcxmZho3OqIW_kgfwjv8DY=&amp;xsec_source=pc_comment
流动红旗：得嘞，兜了圈儿又回来了呗，这主任嘎哈呢,2165,2023-06-22,沐子不困.,,https://www.xiaohongshu.com/user/profile/63e0e1470000000027034f70?channel_type=web_note_detail_r10&amp;parent_page_channel_type=web_user_board&amp;xsec_token=ABZPCsQMk7qKHlpIBAWOgtIrUFKMzqnBYg0RMF1FCc_r8=&amp;xsec_source=pc_comment
纯正东北人,439,2023-06-23,.cn胡啡v，,,https://www.xiaohongshu.com/user/profile/6327b3f1000000002303b04e?channel_type=web_note_detail_r10&amp;parent_page_channel_type=web_user_board&amp;xsec_token=ABYMLxM2bfWjhDaoAnoNyVvSyX18IJLjRLGaYBIF8keCI=&amp;xsec_source=pc_comment
第一，别和我抢,1085,2023-06-22,方程哪有张真源腰带好解,,https://www.xiaohongshu.com/user/profile/6219beee000000001000f425?channel_type=web_note_detail_r10&amp;parent_page_channel_type=web_user_board&amp;xsec_token=ABgFPMME40FTmhoXNZmmXzcKeBfFBpQ6wnPaJabF5bLO8=&amp;xsec_source=pc_comment
mlllm,13,2023-06-22,熙攘繁星,,https://www.xiaohongshu.com/user/profile/627e54490000000021020ed7?channel_type=web_note_detail_r10&amp;parent_page_channel_type=web_user_board&amp;xsec_token=ABgCpXqvXqHRXl2ErYEjQMMklarfC0NQyaJd7cLnoxOcY=&amp;xsec_source=pc_comment
@318 .   蛙趣，他和我上课睡觉的招式一模一样有一次我也是假装捡笔，趁机睡觉结果被英语老师当场抓包,222,2023-06-22,羽林结一＾🎧,,https://www.xiaohongshu.com/user/profile/61fbe12100000000100047ba?channel_type=web_note_detail_r10&amp;parent_page_channel_type=web_user_board&amp;xsec_token=ABW9a0FS0QXA3AShse3qTQoQS7Z5ngtZOoyBfNfrqMUzI=&amp;xsec_source=pc_comment
我有次熬夜,第二天去学校睡第三节课下了我才醒,我同桌还去问老师为什么我可以睡三节课而他眯一会最要被打,老师说有本事你也考全班第一,4,2023-06-23,Camellia,,https://www.xiaohongshu.com/user/profile/6428dacf00000000100243f8?channel_type=web_note_detail_r10&amp;parent_page_channel_type=web_user_board&amp;xsec_token=AB1BmhTNFFxwiLC3sb2qZbO_7lEPNsVmRdEawuqpVAV7A=&amp;xsec_source=pc_comment
我应该是最晚的了吧,2,2024-11-24,柒元钱.（交友,,https://www.xiaohongshu.com/user/profile/657592cc000000003d034029?channel_type=web_note_detail_r10&amp;parent_page_channel_type=web_user_board&amp;xsec_token=ABqd9Xq5XvZzQpVr6nB5_TAD538AfOQY5S0TkVsgCAfik=&amp;xsec_source=pc_comment
哈哈还有更晚的,0,2024-12-12,五金爱逗,,https://www.xiaohongshu.com/user/profile/669bef400000000024023cc3?channel_type=web_note_detail_r10&amp;parent_page_channel_type=web_user_board&amp;xsec_token=AB3RpTcGhKbzfRz5rkvprlb_nYNkW1jI-bfDm7uqW1MhQ=&amp;xsec_source=pc_comment
@我推是强琳伟琪怎么你了 @我推是强琳伟琪怎么了 @『冰念音』桉妤^梦染 @#小鸟游六花^ @默妤雪.🍃 @言映朔名 @折耳猫 @何忻妤,4,2024-12-13,小兰奶酱包,,https://www.xiaohongshu.com/user/profile/652def90000000002b003ff0?channel_type=web_note_detail_r10&amp;parent_page_channel_type=web_user_board&amp;xsec_token=AB-UlHmYeA56izxRfoCgqPg-9W7GDzy02SPmb-cGDaGdc=&amp;xsec_source=pc_comment
来了，哈哈哈哈哈哈哈哈,0,2024-12-13,默妤雪.🍃,,https://www.xiaohongshu.com/user/profile/61bef895000000001000ac5c?channel_type=web_note_detail_r10&amp;parent_page_channel_type=web_user_board&amp;xsec_token=AB_c046qN8iXT_0GoL9L_K0tzxbqXKM0mZqxM7GjC3H9A=&amp;xsec_source=pc_comment
@AA专业画答辩💔 @星星偷走睡意. @我似纸黄牛 @迷你世界浅影吖🌟 @轩 @香肠派对冷颜 @阳光 @晨曦. @香肠派对屁屁王 @^甜xiの辞崽谢_🌷. @慧弟弟 @刘半仙解说 @香肠派对小小龙 @OY林月 @AA专业做画答辩的闺蜜 @逸轩辰 @任何答辩终将入口即化 @E哥无敌 @🌙小小明 @香肠派对瑞枫 @小无光 @香肠派对阿柒 @想逃离三次元 @香肠派对单四东 @卡卡西和宇智波 @🎀奶糖🍬在睡懒觉💤 @灰灰不会秀啊 @香肠派对空空 @放過你，是過錯,3,2023-06-27,吴菇本菇,,https://www.xiaohongshu.com/user/profile/609d086e000000000100a99a?channel_type=web_note_detail_r10&amp;parent_page_channel_type=web_user_board&amp;xsec_token=ABer1nA_CevO1HM2WUOjaG-1aq2qWelxLCHTg7kXnKlXA=&amp;xsec_source=pc_comment
,1,2023-06-27,奔向带土,,https://www.xiaohongshu.com/user/profile/621ee024000000000201e1b9?channel_type=web_note_detail_r10&amp;parent_page_channel_type=web_user_board&amp;xsec_token=ABsJJMcL8B8u9-hPVyzX6s2XGx_MZBHoIo83bwnEo49T4=&amp;xsec_source=pc_comment
&nbsp;@梅子.&nbsp;哈哈哈，笑死我了(*^▽^*)(*^▽^*),1,2025-01-26,小红薯65286834,,https://www.xiaohongshu.com/user/profile/6527f7cf000000002a03514d?channel_type=web_note_detail_r10&amp;parent_page_channel_type=web_user_board&amp;xsec_token=ABOyehRWkW2H7u-tVLLOTrsD1npozpxI4M2LDpn8DNlME=&amp;xsec_source=pc_comment
抽象没边了,1,2025-01-26,梅子.,,https://www.xiaohongshu.com/user/profile/5f900cab000000000100b8b1?channel_type=web_note_detail_r10&amp;parent_page_channel_type=web_user_board&amp;xsec_token=ABP4Ufcf0hyk9Otzx2zZWMVnTpQ1Y7R3vQBPahQg6mBqc=&amp;xsec_source=pc_comment
@天下第毅🥝,0,2025-03-24,亦水,江苏,https://www.xiaohongshu.com/user/profile/63b2c76c0000000026012e24?channel_type=web_note_detail_r10&amp;parent_page_channel_type=web_user_board&amp;xsec_token=ABt9bE3QvlE1tMY9SaEp-ilq6oWReuQ_vgSBBcuM7_WoI=&amp;xsec_source=pc_comment
看过,0,2025-03-25,天下第毅🥝,江苏,https://www.xiaohongshu.com/user/profile/61bd7313000000001000fe09?channel_type=web_note_detail_r10&amp;parent_page_channel_type=web_user_board&amp;xsec_token=ABauqE89lhsAG5ari3-8373kG3F3jehNKYRUJANAQHUqo=&amp;xsec_source=pc_comment
@我家黄元元（好运版） 还敢睡觉不,0,2025-03-17,快乐Puppy,广东,https://www.xiaohongshu.com/user/profile/64d730840000000001011437?channel_type=web_note_detail_r10&amp;parent_page_channel_type=web_user_board&amp;xsec_token=ABp4LoWXdke0HPhPZBoKAgyKka4LgJsTEMlghg4ntS4Ak=&amp;xsec_source=pc_comment
6,0,2025-03-17,我家黄元元（准备见黄子版+备战六级版）,广东,https://www.xiaohongshu.com/user/profile/5f7825760000000001000eca?channel_type=web_note_detail_r10&amp;parent_page_channel_type=web_user_board&amp;xsec_token=AB6mJ4liOyCOp3JmVFhKAnnTa9dgXHcDiaagF8cm9JYLw=&amp;xsec_source=pc_comment
想问一下，他不是在系鞋带吗？他怎么在睡觉哦,0,2025-03-27,救赎,安徽,https://www.xiaohongshu.com/user/profile/67cd7dc9000000000e02ddcd?channel_type=web_note_detail_r10&amp;parent_page_channel_type=web_user_board&amp;xsec_token=ABZjj3hWpXPV14G9fdqLWurIFhQQfuqtqJut1mR9al8Qk=&amp;xsec_source=pc_comment
不是教导主任怀孕了，那么胖,0,2025-03-26,爱幻,辽宁,https://www.xiaohongshu.com/user/profile/5f842b5e0000000001001bc0?channel_type=web_note_detail_r10&amp;parent_page_channel_type=web_user_board&amp;xsec_token=ABTcDVAxcPsEyzIAWEuaTZA0IMRTpNExuepJjwtmQejTg=&amp;xsec_source=pc_comment
这教导主任什么操作，流动红旗后门拿走前门给,0,2025-03-26,小红薯652F753D,江苏,https://www.xiaohongshu.com/user/profile/652f0225000000002a036276?channel_type=web_note_detail_r10&amp;parent_page_channel_type=web_user_board&amp;xsec_token=ABZZLBSCfD0R_-yPoKNSGqxX4_9hfCCywVlOPJtS3URGU=&amp;xsec_source=pc_comment
这两个班咋这么像呢,0,2025-03-25,子非鱼,山西,https://www.xiaohongshu.com/user/profile/666960180000000003031ca2?channel_type=web_note_detail_r10&amp;parent_page_channel_type=web_user_board&amp;xsec_token=ABKtNC2ApIweteIQ2NNRESlyPh9UkCrbA92Q3y2BncWBU=&amp;xsec_source=pc_comment
那个大肚子,1,2025-03-21,小小黄,湖北,https://www.xiaohongshu.com/user/profile/62a1d3200000000021021296?channel_type=web_note_detail_r10&amp;parent_page_channel_type=web_user_board&amp;xsec_token=ABai8VSX3qUH_CA138UjO7dbB4BohS5F3xa6br2x9Ua5A=&amp;xsec_source=pc_comment
,0,2025-03-17,嗯呐,辽宁,https://www.xiaohongshu.com/user/profile/67558cc0000000001d02e648?channel_type=web_note_detail_r10&amp;parent_page_channel_type=web_user_board&amp;xsec_token=ABsWJqy8-7ohNFC5vQ3gXymJu6uAv3qu8Q4rDt8VE5t5U=&amp;xsec_source=pc_comment
路路通,0,2025-03-17,于天宇财经,重庆,https://www.xiaohongshu.com/user/profile/60805d91000000000100518b?channel_type=web_note_detail_r10&amp;parent_page_channel_type=web_user_board&amp;xsec_token=ABb7GuxqwJRLcFdpudwk8jxx76vhavhMzUilPbsosiINk=&amp;xsec_source=pc_comment
噢噢,0,2025-03-15,Moon-Golden99,重庆,https://www.xiaohongshu.com/user/profile/6236add80000000002024ab5?channel_type=web_note_detail_r10&amp;parent_page_channel_type=web_user_board&amp;xsec_token=AB6H3MSSCapWu7At6WjuJ-3fWK613hpMt1LbA1Y9pZa_k=&amp;xsec_source=pc_comment
赞！,0,2025-03-10,小红薯675A051D,山东,https://www.xiaohongshu.com/user/profile/67599eaa000000001d02ebab?channel_type=web_note_detail_r10&amp;parent_page_channel_type=web_user_board&amp;xsec_token=ABu5Z4XzXXjoC491RHSUC8biOt4dLaPRVEm7dWOIMDlmg=&amp;xsec_source=pc_comment
想问一下，他不是在系鞋带吗？他怎么在睡觉💤了？,0,2025-03-08,研究蛋,河北,https://www.xiaohongshu.com/user/profile/67a9eee4000000000e02cba2?channel_type=web_note_detail_r10&amp;parent_page_channel_type=web_user_board&amp;xsec_token=ABsdb2bTJQAsLRvUWs57gspwB1ZV-Fj764ckmDvuAgIa4=&amp;xsec_source=pc_comment
流动红旗：我怎么转转又回来了？,0,2025-02-22,哪吒,,https://www.xiaohongshu.com/user/profile/62679462000000001000b700?channel_type=web_note_detail_r10&amp;parent_page_channel_type=web_user_board&amp;xsec_token=ABRYjEi8cz9muNfzJ2eaJ2JPMlpQFdmsbkEp8UUfcJ_7Q=&amp;xsec_source=pc_comment
一样,0,2025-02-17,淘哦哦,,https://www.xiaohongshu.com/user/profile/62d6b7530000000002001d5f?channel_type=web_note_detail_r10&amp;parent_page_channel_type=web_user_board&amp;xsec_token=ABduGNoOC18Y3sENJmzOh9dJz-vD75kY8AjtIly95B_P4=&amp;xsec_source=pc_comment
校园生活,0,2025-02-16,呆呆,,https://www.xiaohongshu.com/user/profile/62dda4e8000000001e01d722?channel_type=web_note_detail_r10&amp;parent_page_channel_type=web_user_board&amp;xsec_token=AByoC1JnLEDwiXGaOGR4zLntv1WYZGEMSYawMtvTZLbx0=&amp;xsec_source=pc_comment
,0,2025-02-14,甜崽小羊,,https://www.xiaohongshu.com/user/profile/5fc1fdec0000000001001b66?channel_type=web_note_detail_r10&amp;parent_page_channel_type=web_user_board&amp;xsec_token=ABXv7TjMonVRtKY_HqPPMod4qJNOg0exW9hhZ6tXjNrv0=&amp;xsec_source=pc_comment
老师没粉笔 那是用什么 砸他头的,0,2025-02-09,大耳狗Play,,https://www.xiaohongshu.com/user/profile/5d114d2400000000110336e6?channel_type=web_note_detail_r10&amp;parent_page_channel_type=web_user_board&amp;xsec_token=AB60QjJNAVEb5jDa-alUfI3WrmXhMAsxstFKnuuG2wWaQ=&amp;xsec_source=pc_comment
@昵称逃走啦,0,2025-02-08,🥀yu.,,https://www.xiaohongshu.com/user/profile/5f6b21d4000000000100b249?channel_type=web_note_detail_r10&amp;parent_page_channel_type=web_user_board&amp;xsec_token=ABrPHyuOLYMSGNXDdsFTkqnDVFQnBKmSoQOGn0GFIWfIw=&amp;xsec_source=pc_comment
,0,2025-02-08,昵称逃走啦,,https://www.xiaohongshu.com/user/profile/62189e8d000000002102a53b?channel_type=web_note_detail_r10&amp;parent_page_channel_type=web_user_board&amp;xsec_token=ABknfJTZz9Mv6_VnCKEUKhQiInWKBSzByiis1nHYAqlak=&amp;xsec_source=pc_comment
,0,2025-02-05,黄豆黑豆绿豆红豆,,https://www.xiaohongshu.com/user/profile/677e033f000000000403945f?channel_type=web_note_detail_r10&amp;parent_page_channel_type=web_user_board&amp;xsec_token=ABPhDl2vbCt4OrGjjC_R23eulKNJJjJF4vJNzsS2_3IwQ=&amp;xsec_source=pc_comment
,0,2025-02-04,奋斗让梦想开花,,https://www.xiaohongshu.com/user/profile/5dacfb0a0000000001006b60?channel_type=web_note_detail_r10&amp;parent_page_channel_type=web_user_board&amp;xsec_token=ABUcRBXJh_w9OVFFZpfUfOKx3WfxDNfB3LVX2wyRFHIlE=&amp;xsec_source=pc_comment
这搞笑,0,2025-02-04,小游888,,https://www.xiaohongshu.com/user/profile/5d59ffdf000000000100ac3d?channel_type=web_note_detail_r10&amp;parent_page_channel_type=web_user_board&amp;xsec_token=ABpCultiaZRGqOOlyv2jeaaLTO0i6XLu1EeNfl8FnA8Tg=&amp;xsec_source=pc_comment
,0,2025-02-02,小西瓜,,https://www.xiaohongshu.com/user/profile/628a3f4d0000000021027d76?channel_type=web_note_detail_r10&amp;parent_page_channel_type=web_user_board&amp;xsec_token=ABZgxjINOPaz4X9Lfba768xXW4PhhzAYxLgBo1STy9yjU=&amp;xsec_source=pc_comment
拿地上那根粉笔不就好了。,0,2025-02-02,青椰La,,https://www.xiaohongshu.com/user/profile/635fe503000000001802d129?channel_type=web_note_detail_r10&amp;parent_page_channel_type=web_user_board&amp;xsec_token=AB91xhzCuwDrcpsuBTqI7_dPTAP1XQm8kvXC4suuCqlLY=&amp;xsec_source=pc_comment
。,0,2025-01-29,佛系喵喵,,https://www.xiaohongshu.com/user/profile/6768fc5a0000000014031bc4?channel_type=web_note_detail_r10&amp;parent_page_channel_type=web_user_board&amp;xsec_token=AB5sqG35IdJ5cuWZCkWZLaNdVJtVhap-3LvPQ_4GnseeQ=&amp;xsec_source=pc_comment
失而复得的流动红旗,0,2025-01-29,雷厉风行,,https://www.xiaohongshu.com/user/profile/61cfda78000000001000cffe?channel_type=web_note_detail_r10&amp;parent_page_channel_type=web_user_board&amp;xsec_token=ABkaCf0Fbk7r9vmcDTvUbTbWbqDC-_LV8X3gxwmAl_c9o=&amp;xsec_source=pc_comment
看来教导主任也没睡醒,0,2025-01-28,落日,,https://www.xiaohongshu.com/user/profile/5ff1a5300000000001009512?channel_type=web_note_detail_r10&amp;parent_page_channel_type=web_user_board&amp;xsec_token=AByt7tKwAAQh2-Dcxs1MBXNOIcB1pu7M81eUDn6_MxWDY=&amp;xsec_source=pc_comment
@超高校级的人（暗恋雾切） @生物学狂热爱好者 ,1,2025-01-20,地理狂热爱好者,,https://www.xiaohongshu.com/user/profile/615d3e900000000002026e33?channel_type=web_note_detail_r10&amp;parent_page_channel_type=web_user_board&amp;xsec_token=ABxHYQCozheUaDtk2cj1gRZtWK0N4tUOfBC5xIuYKpfV4=&amp;xsec_source=pc_comment
他好像也不是校长，好像是主任什么的主人来着,0,2025-01-14,郑雅琪,,https://www.xiaohongshu.com/user/profile/634b595d000000001802d730?channel_type=web_note_detail_r10&amp;parent_page_channel_type=web_user_board&amp;xsec_token=ABNsdkFlTJGowwVJDUhUIHPIsR1mLAo7sipuiHIf2Hik0=&amp;xsec_source=pc_comment
@姜柔🍵.12.20srkl🥀 @蛋仔小祈🍡,0,2025-01-11,蛋仔柠萌lemon🍋,,https://www.xiaohongshu.com/user/profile/6392c4b3000000001f016828?channel_type=web_note_detail_r10&amp;parent_page_channel_type=web_user_board&amp;xsec_token=ABZz3Wm57K6-Oxtlf_nvDKss_m9IlbndN7vZrWT1dn8Lo=&amp;xsec_source=pc_comment
看过了,0,2025-01-11,蛋仔小祈🍡,,https://www.xiaohongshu.com/user/profile/66d05803000000000b030ee3?channel_type=web_note_detail_r10&amp;parent_page_channel_type=web_user_board&amp;xsec_token=ABSnnATvlK22qeTdCN-q4jacLnOC2BUeLZQNLic7IiRpk=&amp;xsec_source=pc_comment
,0,2025-01-06,今天也要看小哥哥926058595,,https://www.xiaohongshu.com/user/profile/6399437a0000000026011704?channel_type=web_note_detail_r10&amp;parent_page_channel_type=web_user_board&amp;xsec_token=ABD8rj21tJYm60DmS4Xfg7JX1lma900HP1tVlPRt5OVtc=&amp;xsec_source=pc_comment
哈哈哈,0,2025-01-05,ghjj,,https://www.xiaohongshu.com/user/profile/5c8afb35000000001202ddd9?channel_type=web_note_detail_r10&amp;parent_page_channel_type=web_user_board&amp;xsec_token=ABqdv7Xz9fUrsAC3jVNQmajx9x1BngPDb6mwpDLz65cUg=&amp;xsec_source=pc_comment
,0,2025-01-04,小红薯638204F6,,https://www.xiaohongshu.com/user/profile/6381f284000000001f01d70e?channel_type=web_note_detail_r10&amp;parent_page_channel_type=web_user_board&amp;xsec_token=ABOMzpMybJAp7qBkX9F704dwzuA-JCEDk1iScp3uGj6nM=&amp;xsec_source=pc_comment
中华文化博大精深,0,2024-12-28,柠檬,,https://www.xiaohongshu.com/user/profile/645b70a7000000001002a3a3?channel_type=web_note_detail_r10&amp;parent_page_channel_type=web_user_board&amp;xsec_token=ABIm-BJFJc1n8XUlPazorkg4xP4ekPRuisbggCbmVXKF8=&amp;xsec_source=pc_comment
,0,2024-12-27,酱酱,,https://www.xiaohongshu.com/user/profile/6711198d000000001d0320bf?channel_type=web_note_detail_r10&amp;parent_page_channel_type=web_user_board&amp;xsec_token=ABeCbRauZ6vJW0E1LHr13i5txp3lEWKeEfKMcLh5WvemI=&amp;xsec_source=pc_comment
@Love.wonjun,0,2024-12-27,秀秀不吃饭(限量版)😋,,https://www.xiaohongshu.com/user/profile/5e37dc6900000000010095e0?channel_type=web_note_detail_r10&amp;parent_page_channel_type=web_user_board&amp;xsec_token=ABs9iuQNmKaEvw9mlu5wlLaXnoWzm5R6f6pMEVYRvlg9g=&amp;xsec_source=pc_comment
@爆米花配曲琦,0,2024-12-22,婧尽悦(New Year),,https://www.xiaohongshu.com/user/profile/675d00920000000018017511?channel_type=web_note_detail_r10&amp;parent_page_channel_type=web_user_board&amp;xsec_token=ABrStJWilAwQwNlRFRKVzKqQ0z9SoxmEIdqvrZF7fNrfo=&amp;xsec_source=pc_comment
来了,0,2024-12-22,是真源的爱妻吖,,https://www.xiaohongshu.com/user/profile/66519bd40000000003032386?channel_type=web_note_detail_r10&amp;parent_page_channel_type=web_user_board&amp;xsec_token=ABMw83ja36yBk88niM3vYVoURhoRFH2sJIibn_ISMroWc=&amp;xsec_source=pc_comment
6,0,2024-12-21,圣洁之光:雪城爱,,https://www.xiaohongshu.com/user/profile/64da166a0000000001007780?channel_type=web_note_detail_r10&amp;parent_page_channel_type=web_user_board&amp;xsec_token=AB3bzOBY-IhU90doAxzIUEwWYa-wWLG4ZRcTvHLWh6ouU=&amp;xsec_source=pc_comment
笑死我了。,1,2024-12-18,小红薯6554DF22,,https://www.xiaohongshu.com/user/profile/65536e08000000000802f804?channel_type=web_note_detail_r10&amp;parent_page_channel_type=web_user_board&amp;xsec_token=AB4C-rJ0ZtW3r3cB4HaBCTH4Oqhjhc-f17cE15Pt0B5-4=&amp;xsec_source=pc_comment
我嘞个头，这这我就感觉这个校长是跟这个穿绿衣服的容易火的呀。因为校长看见这边很小人又过来放在另外一头。然后我说这个班不错，比隔壁那个班纪律好多了，嗯，啥意思？,0,2024-12-15,Anna.,,https://www.xiaohongshu.com/user/profile/64aa14cd000000000a023893?channel_type=web_note_detail_r10&amp;parent_page_channel_type=web_user_board&amp;xsec_token=ABnbnXIrrJXw2YPaLLLjdmHU7KUd6AhQF44YjRgvHV24Q=&amp;xsec_source=pc_comment
老师丢出去的是什么东西？,0,2024-12-13,用户已注销,,https://www.xiaohongshu.com/user/profile/66cb6885000000001d031ac7?channel_type=web_note_detail_r10&amp;parent_page_channel_type=web_user_board&amp;xsec_token=AB8nY8geBlTghZt2LpXJHo_aYdw_zbQZJC-xIRZrxkJhI=&amp;xsec_source=pc_comment
教导主任有点胖啊,0,2024-12-11,蛋仔派对皖寻,,https://www.xiaohongshu.com/user/profile/5b1e5d3ae8ac2b2ff3ec90c7?channel_type=web_note_detail_r10&amp;parent_page_channel_type=web_user_board&amp;xsec_token=AB2DgHiujI1jUYRWPchvxzY1D_v2lHxuBdejx3rGx4C9Y=&amp;xsec_source=pc_comment
笑死我了，吵的我家狗都睡不着了。,0,2024-12-10,狗尾巴草轻轻摇🌿,,https://www.xiaohongshu.com/user/profile/611ca411000000000101f7e7?channel_type=web_note_detail_r10&amp;parent_page_channel_type=web_user_board&amp;xsec_token=ABwS9o13zTLFSLX65pElpHnnS1e2Glw9J4Ce8_2YEYyP8=&amp;xsec_source=pc_comment
我嘞个豆，之前看这个视频只有几万点赞，怎么一转头100多万了,1,2024-12-08,Re.,,https://www.xiaohongshu.com/user/profile/621f528e0000000010007c35?channel_type=web_note_detail_r10&amp;parent_page_channel_type=web_user_board&amp;xsec_token=ABBFW5X5zjZYGfNBsJrdoGErkSQuuRhqcKRgqcVMNQLUE=&amp;xsec_source=pc_comment
@迪蹦蹦(0019) @iliyu（11.28🎂） @小姚 @江月 @章鱼🦑香蕉🍌,0,2024-12-06,🍀 栗子~~💦,,https://www.xiaohongshu.com/user/profile/61b08cbe000000001000e611?channel_type=web_note_detail_r10&amp;parent_page_channel_type=web_user_board&amp;xsec_token=ABF2B0yXKtN_E4d2b0nOfKxE06CTh0hc1FN8nHkz-f3oE=&amp;xsec_source=pc_comment
,0,2024-12-06,iliyu.涵.,,https://www.xiaohongshu.com/user/profile/61af50a7000000001000c33d?channel_type=web_note_detail_r10&amp;parent_page_channel_type=web_user_board&amp;xsec_token=AB4aQZiCwobgoZgaBhbhYm6RXFGbq8_ktyizR5Z2_4siw=&amp;xsec_source=pc_comment
这事还真发生过在我的班级上教导主任来我们班嫌吵，教训了一顿，班里瞬间安静了。过了一会儿教导主任从后门进来说这个班级纪律性真好，另一个班差死了。班里瞬间更加静默无声，教导主任刚刚离开，班里瞬间哄堂大笑，这事一辈子忘不了,1,2024-11-30,福运滚滚源,,https://www.xiaohongshu.com/user/profile/6164064800000000020243fc?channel_type=web_note_detail_r10&amp;parent_page_channel_type=web_user_board&amp;xsec_token=AB0THEwrhRHzCBjRj5Q5GBmgiCe8nOXFqmRBiSVmwHcZg=&amp;xsec_source=pc_comment
笑得我性侵大便,0,2024-11-27,のBritney_悸姩👑,,https://www.xiaohongshu.com/user/profile/63bfdf850000000026004784?channel_type=web_note_detail_r10&amp;parent_page_channel_type=web_user_board&amp;xsec_token=ABn6wOheWjG0zjsjQI3HbUrquakyG-9uXomu-sXhA5qSY=&amp;xsec_source=pc_comment
,0,2024-11-26,Summer-海英,,https://www.xiaohongshu.com/user/profile/5a9a27b4e8ac2b28e159ec50?channel_type=web_note_detail_r10&amp;parent_page_channel_type=web_user_board&amp;xsec_token=ABwodKIQ5Z09wdQgEjaIBRucwfyEVorTqBoRt69SVoJYc=&amp;xsec_source=pc_comment
嘿嘿，你这有干嘛呀？这是一个绳子吗他去了第二号门口，那不是一样的班吗,0,2024-11-25,何政彦,,https://www.xiaohongshu.com/user/profile/62e4eae3000000001501efa4?channel_type=web_note_detail_r10&amp;parent_page_channel_type=web_user_board&amp;xsec_token=ABn-oCDS8wtr5pKfcW8baMPjiY8meXO5fDRb3gwRwIzYQ=&amp;xsec_source=pc_comment
睡过了头,0,2024-11-22,小红薯63B2C9C7,,https://www.xiaohongshu.com/user/profile/63b166f700000000260119e5?channel_type=web_note_detail_r10&amp;parent_page_channel_type=web_user_board&amp;xsec_token=ABFXsjynjLXMqlV3eyy7gWbsnaoRzrO-x5okMOPN5RUzQ=&amp;xsec_source=pc_comment
那个绿衣服的好像孙文宇啊,0,2024-11-21,你啰嗦了...,,https://www.xiaohongshu.com/user/profile/65ab6098000000001300a2cd?channel_type=web_note_detail_r10&amp;parent_page_channel_type=web_user_board&amp;xsec_token=ABxwf2DAQjB98whVsXY-I0t-M1eqbBRSfMhv7wAylxPBk=&amp;xsec_source=pc_comment
😺😺😺😺😺也遇到过类似的按咧哦ha ha ha....,0,2024-11-13,路曦,,https://www.xiaohongshu.com/user/profile/63857791000000001f019241?channel_type=web_note_detail_r10&amp;parent_page_channel_type=web_user_board&amp;xsec_token=ABUFiGarhYQGkqtv-Jxgo6y88iB6deSlCgQpQCm_-zfVM=&amp;xsec_source=pc_comment
呃，怎么说,1,2024-11-10,星月曈昽,,https://www.xiaohongshu.com/user/profile/5a0a0a914eacab0ca76daf87?channel_type=web_note_detail_r10&amp;parent_page_channel_type=web_user_board&amp;xsec_token=ABEd-4to837TLxvH6jyksqB8ze6EFjE5O6MY0pjVX9Jro=&amp;xsec_source=pc_comment
老师：？,0,2024-11-07,oren,,https://www.xiaohongshu.com/user/profile/6274e59b000000001501b2ff?channel_type=web_note_detail_r10&amp;parent_page_channel_type=web_user_board&amp;xsec_token=ABlZgkEsR8G6WVs45UpKJglPyVBoj5XRYgHN-RYf5aDrs=&amp;xsec_source=pc_comment
有意思,0,2024-11-07,墨菲特,,https://www.xiaohongshu.com/user/profile/62e28cc0000000001f01785b?channel_type=web_note_detail_r10&amp;parent_page_channel_type=web_user_board&amp;xsec_token=ABKKTf6Zk3IOz0dURcVqYUdan7nMzme-qWSDMSESqp2sI=&amp;xsec_source=pc_comment
5666552点,0,2024-11-06,小咩咩,,https://www.xiaohongshu.com/user/profile/6715b4c1000000001d0314b9?channel_type=web_note_detail_r10&amp;parent_page_channel_type=web_user_board&amp;xsec_token=AB9InEvmPXq5IfuByWK5Vlxvdmn6-0rASh7rrVQxslM54=&amp;xsec_source=pc_comment
那个老师好像丁佳乐妈妈,0,2024-10-27,豫.,,https://www.xiaohongshu.com/user/profile/61a1c9180000000021022a4a?channel_type=web_note_detail_r10&amp;parent_page_channel_type=web_user_board&amp;xsec_token=ABzOsV-NcE96dZ6mmuliB4YTp7jg1pbu7RrEmmG_RouEM=&amp;xsec_source=pc_comment
炸,0,2024-10-20,W413,,https://www.xiaohongshu.com/user/profile/60b4dd7f000000000100753c?channel_type=web_note_detail_r10&amp;parent_page_channel_type=web_user_board&amp;xsec_token=ABFABy26z2UItqwjEKxppLyq_r5QMQBg3yOoEzcyHHLRQ=&amp;xsec_source=pc_comment
哈哈  丟粉笔可真一个准。,1,2024-10-17,阮蓉蓉短剧,,https://www.xiaohongshu.com/user/profile/626ce5fe0000000021023d41?channel_type=web_note_detail_r10&amp;parent_page_channel_type=web_user_board&amp;xsec_token=ABrv-CGZfzSnWKmlirqk00rhw8kb-ULxq42sAF_IxDj4k=&amp;xsec_source=pc_comment
那刚才扔的东西是什么？没有粉笔刚才扔的东西是什么呀？,0,2024-10-07,补药打我们安卓妹,,https://www.xiaohongshu.com/user/profile/6203e0b200000000100056dd?channel_type=web_note_detail_r10&amp;parent_page_channel_type=web_user_board&amp;xsec_token=ABixpUiHhz8aDUEpVwvOAjZqZXWXfgNeXnK2VmgVFCoDI=&amp;xsec_source=pc_comment
,0,2024-10-04,笑熬浆糊,,https://www.xiaohongshu.com/user/profile/634bf769000000001901c9d5?channel_type=web_note_detail_r10&amp;parent_page_channel_type=web_user_board&amp;xsec_token=ABNsdkFlTJGowwVJDUhUIHPNPNyRfAxXbQ2nJXvGbZzyc=&amp;xsec_source=pc_comment
作者你赔我肚子救命，我笑成大粪了,0,2024-10-03,心碎💔柔玥舞,,https://www.xiaohongshu.com/user/profile/624d22e9000000001000b1c8?channel_type=web_note_detail_r10&amp;parent_page_channel_type=web_user_board&amp;xsec_token=AB3o_EVOXdogSYkkSbaCE-0p-2opDPJhBsPsYp40xL-ew=&amp;xsec_source=pc_comment
@三三子,0,2024-10-02,＾半死不活.要亖了^,,https://www.xiaohongshu.com/user/profile/6181127d00000000020271e4?channel_type=web_note_detail_r10&amp;parent_page_channel_type=web_user_board&amp;xsec_token=AB2GxEDTVzPXMfx2CtXSufi1ymbJU8sMeBWzjzl6cs5fo=&amp;xsec_source=pc_comment
哈哈哈哈哈哈,1,2024-10-02,苏妤熙(已开学),,https://www.xiaohongshu.com/user/profile/633805b3000000001802cb2a?channel_type=web_note_detail_r10&amp;parent_page_channel_type=web_user_board&amp;xsec_token=AB5lGiFIpOOStBxG1CrYZMQh3z2PF_AOb7y45vBqYwYio=&amp;xsec_source=pc_comment
初次见面还是三点几万，现在已经100多万了？,0,2024-10-01,Britney,,https://www.xiaohongshu.com/user/profile/63e2b1d1000000002702adba?channel_type=web_note_detail_r10&amp;parent_page_channel_type=web_user_board&amp;xsec_token=AB-OF49sIrGGZRfSfGQMEsLUJySjblXhBDmzOtsLhqOCI=&amp;xsec_source=pc_comment
,,,,,
