{"data":{"id":7546600447881333513,"id_str":"7546600447881333513","status":2,"owner_user_id":100489816468,"title":"留下关注带走福袋！","user_count":12,"create_time":1757079852,"linkmic_layout":1,"finish_time":0,"dynamic_cover_uri":"","dynamic_cover_dict":{},"last_ping_time":0,"live_id":0,"stream_provider":0,"os_type":0,"client_version":0,"with_linkmic":false,"enable_room_perspective":false,"cover":{"url_list":["https://p11-webcast-sign.douyinpic.com/webcast-cover/a41de00d778646b0fac882b4921ad935.jpg~tplv-qz53dukwul-common-resize:0:0.image?biz_tag=app_6383_webcast\u0026from=webcast.room.pack\u0026l=20250905230304D9C8249692987B1D9909\u0026lk3s=39e7556e\u0026s=douyin_pc_search\u0026sc=webcast_cover\u0026x-expires=1759676584\u0026x-signature=sMp6m1lqashF1Q39%2FQ8xXCID6Xs%3D","https://p3-webcast-sign.douyinpic.com/webcast-cover/a41de00d778646b0fac882b4921ad935.jpg~tplv-qz53dukwul-common-resize:0:0.image?biz_tag=app_6383_webcast\u0026from=webcast.room.pack\u0026l=20250905230304D9C8249692987B1D9909\u0026lk3s=39e7556e\u0026s=douyin_pc_search\u0026sc=webcast_cover\u0026x-expires=1759676584\u0026x-signature=cFxhZUNa44HgDoYc%2F3mJD3LMulM%3D"],"uri":"webcast-cover/a41de00d778646b0fac882b4921ad935.jpg","height":0,"width":0,"avg_color":"#F1FFEB","image_type":0,"open_web_url":"","is_animated":false,"flex_setting_list":[],"text_setting_list":[]},"share_url":"","anchor_share_text":"","user_share_text":"","stream_id":0,"stream_id_str":"","stream_url":{"provider":0,"id":117915632629973819,"id_str":"117915632629973819","resolution_name":{"FULL_HD1":"蓝光","HD1":"超清","ORIGION":"原画","SD1":"标清","SD2":"高清"},"default_resolution":"HD1","extra":{"height":1080,"width":1920,"fps":0,"max_bitrate":0,"min_bitrate":0,"default_bitrate":0,"bitrate_adapt_strategy":0,"anchor_interact_profile":0,"audience_interact_profile":0,"hardware_encode":false,"video_profile":0,"h265_enable":false,"gop_sec":0,"bframe_enable":false,"roi":false,"sw_roi":false,"bytevc1_enable":false},"rtmp_push_url":"","rtmp_pull_url":"http://pull-flv-t1.douyincdn.com/thirdgame/stream-117915632629973819_or4.flv?arch_hrchy=w1\u0026exp_hrchy=w1\u0026keeptime=00093a80\u0026major_anchor_level=common\u0026t_id=037-20250905230304D9C8249692987B1D9909-y3mXXS\u0026unique_id=stream-117915632629973819_827_flv_or4\u0026wsSecret=77da5c213008d6f0f82a8f4809f97bed\u0026wsTime=68bafba8","flv_pull_url":{"FULL_HD1":"http://pull-flv-t1.douyincdn.com/thirdgame/stream-117915632629973819_or4.flv?arch_hrchy=w1\u0026exp_hrchy=w1\u0026keeptime=00093a80\u0026major_anchor_level=common\u0026t_id=037-20250905230304D9C8249692987B1D9909-y3mXXS\u0026unique_id=stream-117915632629973819_827_flv_or4\u0026wsSecret=77da5c213008d6f0f82a8f4809f97bed\u0026wsTime=68bafba8","HD1":"http://pull-flv-t1.douyincdn.com/thirdgame/stream-117915632629973819_exphd.flv?arch_hrchy=w1\u0026exp_hrchy=w1\u0026keeptime=00093a80\u0026major_anchor_level=common\u0026t_id=037-20250905230304D9C8249692987B1D9909-y3mXXS\u0026unique_id=stream-117915632629973819_827_flv_exphd\u0026wsSecret=69c2f32712d41aabf947b2fddff1e722\u0026wsTime=68bafba8","SD1":"http://pull-flv-t1.douyincdn.com/thirdgame/stream-117915632629973819_expld.flv?arch_hrchy=w1\u0026exp_hrchy=w1\u0026keeptime=00093a80\u0026major_anchor_level=common\u0026t_id=037-20250905230304D9C8249692987B1D9909-y3mXXS\u0026unique_id=stream-117915632629973819_827_flv_expld\u0026wsSecret=46a2924beceddd075e850298005053fb\u0026wsTime=68bafba8","SD2":"http://pull-flv-t1.douyincdn.com/thirdgame/stream-117915632629973819_expsd.flv?arch_hrchy=w1\u0026exp_hrchy=w1\u0026keeptime=00093a80\u0026major_anchor_level=common\u0026t_id=037-20250905230304D9C8249692987B1D9909-y3mXXS\u0026unique_id=stream-117915632629973819_827_flv_expsd\u0026wsSecret=adfd5a23d9ebf7c55fc120f479765567\u0026wsTime=68bafba8"},"candidate_resolution":["SD1","SD2","HD1"],"hls_pull_url":"http://pull-hls-t1.douyincdn.com/thirdgame/stream-117915632629973819_exphd/playlist.m3u8?arch_hrchy=w1\u0026exp_hrchy=w1\u0026keeptime=00093a80\u0026major_anchor_level=common\u0026t_id=037-20250905230304D9C8249692987B1D9909-y3mXXS\u0026wsSecret=0a0b0383a03b21579bd8b004b2d801b3\u0026wsTime=68bafba8","hls_pull_url_params":"{\"VCodec\":\"h264\"}","rtmp_pull_url_params":"","flv_pull_url_params":{"HD1":"{\"VCodec\":\"h264\"}","SD1":"{\"VCodec\":\"h264\"}","SD2":"{\"VCodec\":\"h264\"}"},"rtmp_push_url_params":"","push_urls":[],"live_core_sdk_data":{"pull_data":{"stream_data":"{\"common\":{\"ts\":\"1757084584\",\"session_id\":\"037-20250905230304D9C8249692987B1D9909-y3mXXS\",\"stream\":\"117915632629973819\",\"version\":0,\"rule_ids\":\"{\\\"ab_version_trace\\\":null,\\\"sched\\\":\\\"{\\\\\\\"result\\\\\\\":{\\\\\\\"hit\\\\\\\":\\\\\\\"determined\\\\\\\",\\\\\\\"cdn\\\\\\\":1130},\\\\\\\"ids\\\\\\\":[\\\\\\\"ex_2937(Weight:0)\\\\\\\"]}\\\"}\",\"common_trace\":\"{\\\"StrategyTrace\\\":{\\\"Neptune\\\":{\\\"PlayStream\\\":{\\\"ids\\\":null}}},\\\"BusinessType\\\":\\\"GameHigh\\\",\\\"SceneNames\\\":[\\\"douyin_game_tag\\\"],\\\"SceneTags\\\":{\\\"douyin_game_tag\\\":\\\"1010011\\\"},\\\"BigeventAnchorLevel\\\":\\\"\\\"}\",\"app_id\":\"100034\",\"major_anchor_level\":\"common\",\"mode\":\"Normal\",\"lines\":{\"main\":\"line_1130\"},\"p2p_params\":{\"PcdnIsolationConfig\":{\"IsolationName\":\"isolation2\",\"FsV4Domain\":\"vcl-brain.ndcppx.com\",\"FsV6Domain\":\"vcl-brain-v6.ndcppx.com\",\"StunV4Domain\":\"vc-mirror.ndcpp.com\",\"StunV6Domain\":\"vc-mirror-v6.ndcpp.com\",\"HoleV4Domain\":\"vcl-hole.ndcppx.com\",\"HoleV6Domain\":\"vcl-hole-v6.ndcppx.com\"}},\"stream_data_content_encoding\":\"default\",\"common_sdk_params\":{\"main\":\"{}\"},\"stream_name\":\"stream-117915632629973819\",\"main_push_id\":827,\"backup_push_id\":0},\"data\":{\"ld\":{\"main\":{\"flv\":\"http://pull-flv-t1.douyincdn.com/thirdgame/stream-117915632629973819_expld.flv?arch_hrchy=w1\u0026exp_hrchy=w1\u0026keeptime=00093a80\u0026major_anchor_level=common\u0026t_id=037-20250905230304D9C8249692987B1D9909-y3mXXS\u0026unique_id=stream-117915632629973819_827_flv_expld\u0026wsSecret=46a2924beceddd075e850298005053fb\u0026wsTime=68bafba8\",\"hls\":\"http://pull-hls-t1.douyincdn.com/thirdgame/stream-117915632629973819_expld/playlist.m3u8?arch_hrchy=w1\u0026exp_hrchy=w1\u0026keeptime=00093a80\u0026major_anchor_level=common\u0026t_id=037-20250905230304D9C8249692987B1D9909-y3mXXS\u0026wsSecret=8d031f97a3f657b0021048afbd2d671f\u0026wsTime=68bafba8\",\"cmaf\":\"\",\"dash\":\"\",\"lls\":\"http://pull-lls-t1.douyincdn.com/thirdgame/stream-117915632629973819_expld.sdp?arch_hrchy=w1\u0026exp_hrchy=w1\u0026keeptime=00093a80\u0026major_anchor_level=common\u0026t_id=037-20250905230304D9C8249692987B1D9909-y3mXXS\u0026unique_id=stream-117915632629973819_827_lls_expld\u0026wsSecret=d0e718a4b15a36bb2408299a5c2977cb\u0026wsTime=68bafba8\",\"tsl\":\"\",\"tile\":\"\",\"http_ts\":\"\",\"ll_hls\":\"\",\"sdk_params\":\"{\\\"VCodec\\\":\\\"h264\\\",\\\"vbitrate\\\":1000000,\\\"resolution\\\":\\\"960x540\\\",\\\"gop\\\":4,\\\"drType\\\":\\\"sdr\\\",\\\"fps\\\":25}\",\"enableEncryption\":false,\"templateRealTimeInfo\":{\"name\":\"expld\",\"bitrateKbps\":1002.28,\"updatedTime\":1757084570714}}},\"sd\":{\"main\":{\"flv\":\"http://pull-flv-t1.douyincdn.com/thirdgame/stream-117915632629973819_expsd.flv?arch_hrchy=w1\u0026exp_hrchy=w1\u0026keeptime=00093a80\u0026major_anchor_level=common\u0026t_id=037-20250905230304D9C8249692987B1D9909-y3mXXS\u0026unique_id=stream-117915632629973819_827_flv_expsd\u0026wsSecret=adfd5a23d9ebf7c55fc120f479765567\u0026wsTime=68bafba8\",\"hls\":\"http://pull-hls-t1.douyincdn.com/thirdgame/stream-117915632629973819_expsd/playlist.m3u8?arch_hrchy=w1\u0026exp_hrchy=w1\u0026keeptime=00093a80\u0026major_anchor_level=common\u0026t_id=037-20250905230304D9C8249692987B1D9909-y3mXXS\u0026wsSecret=87988f1e76a3e05a2fe56f8e1c914ac7\u0026wsTime=68bafba8\",\"cmaf\":\"\",\"dash\":\"\",\"lls\":\"http://pull-lls-t1.douyincdn.com/thirdgame/stream-117915632629973819_expsd.sdp?arch_hrchy=w1\u0026exp_hrchy=w1\u0026keeptime=00093a80\u0026major_anchor_level=common\u0026t_id=037-20250905230304D9C8249692987B1D9909-y3mXXS\u0026unique_id=stream-117915632629973819_827_lls_expsd\u0026wsSecret=40162c83a29bc7851ebc904f36723834\u0026wsTime=68bafba8\",\"tsl\":\"\",\"tile\":\"\",\"http_ts\":\"\",\"ll_hls\":\"\",\"sdk_params\":\"{\\\"VCodec\\\":\\\"h264\\\",\\\"vbitrate\\\":2000000,\\\"resolution\\\":\\\"1280x720\\\",\\\"gop\\\":4,\\\"drType\\\":\\\"sdr\\\",\\\"fps\\\":30}\",\"enableEncryption\":false,\"templateRealTimeInfo\":{\"name\":\"expsd\",\"bitrateKbps\":2049.42,\"updatedTime\":1757084510695}}},\"ao\":{\"main\":{\"flv\":\"http://pull-flv-t1.douyincdn.com/thirdgame/stream-117915632629973819.flv?arch_hrchy=w1\u0026eupf_relay_mode=err\u0026exp_hrchy=w1\u0026keeptime=00093a80\u0026major_anchor_level=common\u0026only_audio=1\u0026t_id=037-20250905230304D9C8249692987B1D9909-y3mXXS\u0026unique_id=stream-117915632629973819_827_flv\u0026wsSecret=67fe3454dcb9af5458c4c278bb42bb87\u0026wsTime=68bafba8\",\"hls\":\"\",\"cmaf\":\"\",\"dash\":\"\",\"lls\":\"\",\"tsl\":\"\",\"tile\":\"\",\"http_ts\":\"\",\"ll_hls\":\"\",\"sdk_params\":\"{\\\"VCodec\\\":\\\"h264\\\",\\\"vbitrate\\\":0,\\\"resolution\\\":\\\"\\\",\\\"gop\\\":2,\\\"drType\\\":\\\"sdr\\\",\\\"fps\\\":0}\",\"enableEncryption\":false}},\"md\":{\"main\":{\"flv\":\"https://pull-flv-t1-admin.douyincdn.com/thirdgame/stream-117915632629973819_md.flv?arch_hrchy=w1\u0026exp_hrchy=w1\u0026keeptime=00093a80\u0026major_anchor_level=common\u0026t_id=037-20250905230304D9C8249692987B1D9909-y3mXXS\u0026unique_id=stream-117915632629973819_827_flv_md\u0026wsSecret=109b89d755c731fc38ac50c961bbe805\u0026wsTime=68bafba8\",\"hls\":\"http://pull-hls-t1.douyincdn.com/thirdgame/stream-117915632629973819_md/playlist.m3u8?arch_hrchy=w1\u0026exp_hrchy=w1\u0026keeptime=00093a80\u0026major_anchor_level=common\u0026t_id=037-20250905230304D9C8249692987B1D9909-y3mXXS\u0026wsSecret=993838a07433c1c73499fac3a52ed717\u0026wsTime=68bafba8\",\"cmaf\":\"\",\"dash\":\"\",\"lls\":\"http://pull-lls-t1.douyincdn.com/thirdgame/stream-117915632629973819_md.sdp?arch_hrchy=w1\u0026exp_hrchy=w1\u0026keeptime=00093a80\u0026major_anchor_level=common\u0026t_id=037-20250905230304D9C8249692987B1D9909-y3mXXS\u0026unique_id=stream-117915632629973819_827_lls_md\u0026wsSecret=22be240363351060aa58fc04aa90b869\u0026wsTime=68bafba8\",\"tsl\":\"\",\"tile\":\"\",\"http_ts\":\"\",\"ll_hls\":\"\",\"sdk_params\":\"{\\\"VCodec\\\":\\\"h264\\\",\\\"vbitrate\\\":800000,\\\"resolution\\\":\\\"640x360\\\",\\\"gop\\\":4,\\\"drType\\\":\\\"sdr\\\",\\\"fps\\\":15}\",\"enableEncryption\":false}},\"hd\":{\"main\":{\"flv\":\"http://pull-flv-t1.douyincdn.com/thirdgame/stream-117915632629973819_exphd.flv?arch_hrchy=w1\u0026exp_hrchy=w1\u0026keeptime=00093a80\u0026major_anchor_level=common\u0026t_id=037-20250905230304D9C8249692987B1D9909-y3mXXS\u0026unique_id=stream-117915632629973819_827_flv_exphd\u0026wsSecret=69c2f32712d41aabf947b2fddff1e722\u0026wsTime=68bafba8\",\"hls\":\"http://pull-hls-t1.douyincdn.com/thirdgame/stream-117915632629973819_exphd/playlist.m3u8?arch_hrchy=w1\u0026exp_hrchy=w1\u0026keeptime=00093a80\u0026major_anchor_level=common\u0026t_id=037-20250905230304D9C8249692987B1D9909-y3mXXS\u0026wsSecret=0a0b0383a03b21579bd8b004b2d801b3\u0026wsTime=68bafba8\",\"cmaf\":\"\",\"dash\":\"\",\"lls\":\"http://pull-lls-t1.douyincdn.com/thirdgame/stream-117915632629973819_exphd.sdp?arch_hrchy=w1\u0026exp_hrchy=w1\u0026keeptime=00093a80\u0026major_anchor_level=common\u0026t_id=037-20250905230304D9C8249692987B1D9909-y3mXXS\u0026unique_id=stream-117915632629973819_827_lls_exphd\u0026wsSecret=a4b48a66e07dc8f8fdbbecf869140924\u0026wsTime=68bafba8\",\"tsl\":\"\",\"tile\":\"\",\"http_ts\":\"\",\"ll_hls\":\"\",\"sdk_params\":\"{\\\"VCodec\\\":\\\"h264\\\",\\\"vbitrate\\\":4000000,\\\"resolution\\\":\\\"1280x720\\\",\\\"gop\\\":4,\\\"drType\\\":\\\"sdr\\\",\\\"fps\\\":30}\",\"enableEncryption\":false,\"templateRealTimeInfo\":{\"name\":\"exphd\",\"bitrateKbps\":3846.81,\"updatedTime\":1757084572759}}},\"origin\":{\"main\":{\"flv\":\"http://pull-flv-t1.douyincdn.com/thirdgame/stream-117915632629973819_or4.flv?arch_hrchy=w1\u0026exp_hrchy=w1\u0026keeptime=00093a80\u0026major_anchor_level=common\u0026t_id=037-20250905230304D9C8249692987B1D9909-y3mXXS\u0026unique_id=stream-117915632629973819_827_flv_or4\u0026wsSecret=77da5c213008d6f0f82a8f4809f97bed\u0026wsTime=68bafba8\",\"hls\":\"http://pull-hls-t1.douyincdn.com/thirdgame/stream-117915632629973819_or4/playlist.m3u8?arch_hrchy=w1\u0026exp_hrchy=w1\u0026keeptime=00093a80\u0026major_anchor_level=common\u0026t_id=037-20250905230304D9C8249692987B1D9909-y3mXXS\u0026wsSecret=8a8b8a20d9f7481937217d3f30a631d6\u0026wsTime=68bafba8\",\"cmaf\":\"\",\"dash\":\"\",\"lls\":\"http://pull-lls-t1.douyincdn.com/thirdgame/stream-117915632629973819_or4.sdp?arch_hrchy=w1\u0026exp_hrchy=w1\u0026keeptime=00093a80\u0026major_anchor_level=common\u0026t_id=037-20250905230304D9C8249692987B1D9909-y3mXXS\u0026unique_id=stream-117915632629973819_827_lls_or4\u0026wsSecret=3d0522490a5971d14238b77caf0e8e35\u0026wsTime=68bafba8\",\"tsl\":\"\",\"tile\":\"\",\"http_ts\":\"\",\"ll_hls\":\"\",\"sdk_params\":\"{\\\"VCodec\\\":\\\"h264\\\",\\\"vbitrate\\\":4683776,\\\"resolution\\\":\\\"\\\",\\\"gop\\\":4,\\\"drType\\\":\\\"sdr\\\"}\",\"enableEncryption\":false,\"templateRealTimeInfo\":{\"name\":\"or4\",\"bitrateKbps\":5432.62,\"updatedTime\":1757080850393}}}}}","options":{"default_quality":{"name":"超清","sdk_key":"hd","v_codec":"","resolution":"","level":0,"v_bit_rate":0,"additional_content":"","fps":0,"disable":0},"qualities":[],"vpass_default":false},"version":0,"hls_data_unencrypted":{},"kind":0,"Hls":[],"Flv":[],"codec":"","compensatory_data":""},"size":"1920x1080"},"hls_pull_url_map":{"FULL_HD1":"http://pull-hls-t1.douyincdn.com/thirdgame/stream-117915632629973819_or4/playlist.m3u8?arch_hrchy=w1\u0026exp_hrchy=w1\u0026keeptime=00093a80\u0026major_anchor_level=common\u0026t_id=037-20250905230304D9C8249692987B1D9909-y3mXXS\u0026wsSecret=8a8b8a20d9f7481937217d3f30a631d6\u0026wsTime=68bafba8","HD1":"http://pull-hls-t1.douyincdn.com/thirdgame/stream-117915632629973819_exphd/playlist.m3u8?arch_hrchy=w1\u0026exp_hrchy=w1\u0026keeptime=00093a80\u0026major_anchor_level=common\u0026t_id=037-20250905230304D9C8249692987B1D9909-y3mXXS\u0026wsSecret=0a0b0383a03b21579bd8b004b2d801b3\u0026wsTime=68bafba8","SD1":"http://pull-hls-t1.douyincdn.com/thirdgame/stream-117915632629973819_expld/playlist.m3u8?arch_hrchy=w1\u0026exp_hrchy=w1\u0026keeptime=00093a80\u0026major_anchor_level=common\u0026t_id=037-20250905230304D9C8249692987B1D9909-y3mXXS\u0026wsSecret=8d031f97a3f657b0021048afbd2d671f\u0026wsTime=68bafba8","SD2":"http://pull-hls-t1.douyincdn.com/thirdgame/stream-117915632629973819_expsd/playlist.m3u8?arch_hrchy=w1\u0026exp_hrchy=w1\u0026keeptime=00093a80\u0026major_anchor_level=common\u0026t_id=037-20250905230304D9C8249692987B1D9909-y3mXXS\u0026wsSecret=87988f1e76a3e05a2fe56f8e1c914ac7\u0026wsTime=68bafba8"},"complete_push_urls":[],"stream_control_type":0,"stream_orientation":0,"push_stream_type":0,"pull_datas":{},"push_datas":{},"vr_type":0},"mosaic_status":0,"mosaic_tip":"","cell_style":0,"luckymoney_num":0,"deco_list":[],"top_fans":[],"stats":{"id":0,"id_str":"","fan_ticket":0,"money":0,"total_user":286,"gift_uv_count":0,"follow_count":0,"watermelon":0,"digg_count":0,"enter_count":0,"dou_plus_promotion":"","total_user_desp":"","like_count":0,"total_user_str":"286","user_count_str":"12","comment_count":0,"welfare_donation_amount":0,"up_right_stats_str":"12","up_right_stats_str_complete":"","total_user_uv_preview_str":""},"sun_daily_icon_content":"","distance":"","distance_city":"","location":"","real_distance":"","common_label_list":"","living_room_attrs":{"room_id":0,"room_id_str":"","silence_flag":0,"admin_flag":0,"rank":0},"admin_user_ids":[],"owner":{"id":100489816468,"short_id":2234193551,"nickname":"小陈(土木在逃）","gender":1,"signature":"🎈🎈🎃🎃🎃🎃🎃🎃🎃🎃🎃🎃🎃🎃🎃🎃🎈🎈\n🥚蛋仔：每天早上7.00左右开播，早起的蛋\n🛵铲子：每天晚上20.30开播，铲子新手需要被拯救\n希望大家能来捧场，开播时间锁定小陈的直播间\n回来了，全都回来了\n百变小陈\n🎈🎈🎃🎃🎃🎃🎃🎃🎃🎃🎃🎃🎃🎃🎃🎃🎈🎈","level":0,"birthday":0,"telephone":"","avatar_thumb":{"url_list":["https://p3.douyinpic.com/aweme/100x100/aweme-avatar/tos-cn-i-0813_56bb6b74e6f74ae0a2a696d674a8ab09.jpeg?from=3067671334","https://p26.douyinpic.com/aweme/100x100/aweme-avatar/tos-cn-i-0813_56bb6b74e6f74ae0a2a696d674a8ab09.jpeg?from=3067671334","https://p11.douyinpic.com/aweme/100x100/aweme-avatar/tos-cn-i-0813_56bb6b74e6f74ae0a2a696d674a8ab09.jpeg?from=3067671334"],"uri":"100x100/aweme-avatar/tos-cn-i-0813_56bb6b74e6f74ae0a2a696d674a8ab09","height":0,"width":0,"avg_color":"","image_type":0,"open_web_url":"","is_animated":false,"flex_setting_list":[],"text_setting_list":[]},"avatar_medium":{"url_list":["https://p3.douyinpic.com/aweme/720x720/aweme-avatar/tos-cn-i-0813_56bb6b74e6f74ae0a2a696d674a8ab09.jpeg?from=3067671334","https://p11.douyinpic.com/aweme/720x720/aweme-avatar/tos-cn-i-0813_56bb6b74e6f74ae0a2a696d674a8ab09.jpeg?from=3067671334","https://p26.douyinpic.com/aweme/720x720/aweme-avatar/tos-cn-i-0813_56bb6b74e6f74ae0a2a696d674a8ab09.jpeg?from=3067671334"],"uri":"720x720/aweme-avatar/tos-cn-i-0813_56bb6b74e6f74ae0a2a696d674a8ab09","height":0,"width":0,"avg_color":"","image_type":0,"open_web_url":"","is_animated":false,"flex_setting_list":[],"text_setting_list":[]},"avatar_large":{"url_list":["https://p3.douyinpic.com/aweme/1080x1080/aweme-avatar/tos-cn-i-0813_56bb6b74e6f74ae0a2a696d674a8ab09.jpeg?from=3067671334","https://p11.douyinpic.com/aweme/1080x1080/aweme-avatar/tos-cn-i-0813_56bb6b74e6f74ae0a2a696d674a8ab09.jpeg?from=3067671334","https://p26.douyinpic.com/aweme/1080x1080/aweme-avatar/tos-cn-i-0813_56bb6b74e6f74ae0a2a696d674a8ab09.jpeg?from=3067671334"],"uri":"1080x1080/aweme-avatar/tos-cn-i-0813_56bb6b74e6f74ae0a2a696d674a8ab09","height":0,"width":0,"avg_color":"","image_type":0,"open_web_url":"","is_animated":false,"flex_setting_list":[],"text_setting_list":[]},"verified":true,"experience":0,"city":"","status":1,"create_time":0,"modify_time":1757081485,"secret":0,"share_qrcode_uri":"1e0ff0000ef7a1e944621","income_share_percent":0,"badge_image_list":[{"url_list":["https://p3-webcast.douyinpic.com/img/webcast/new_user_grade_level_v1_12.png~tplv-obj.image","https://p11-webcast.douyinpic.com/img/webcast/new_user_grade_level_v1_12.png~tplv-obj.image"],"uri":"webcast/new_user_grade_level_v1_12.png","height":16,"width":32,"avg_color":"","image_type":1,"open_web_url":"","content":{"name":"","font_color":"","level":12,"alternative_text":"荣誉等级12级勋章"},"is_animated":false,"flex_setting_list":[],"text_setting_list":[]}],"follow_info":{"following_count":184,"follower_count":1281,"follow_status":1,"push_status":0,"remark_name":"","follower_count_str":"1281","following_count_str":"184","invalid_follow_status":false,"follwer_count_display":""},"pay_grade":{"total_diamond_count":0,"name":"","next_name":"","level":12,"next_diamond":0,"now_diamond":0,"this_grade_min_diamond":420,"this_grade_max_diamond":550,"pay_diamond_bak":0,"grade_describe":"","grade_icon_list":[],"screen_chat_type":0,"new_im_icon_with_level":{"url_list":["https://p3-webcast.douyinpic.com/img/webcast/new_user_grade_level_v1_12.png~tplv-obj.image","https://p11-webcast.douyinpic.com/img/webcast/new_user_grade_level_v1_12.png~tplv-obj.image"],"uri":"webcast/new_user_grade_level_v1_12.png","height":16,"width":32,"avg_color":"","image_type":1,"open_web_url":"","is_animated":false,"flex_setting_list":[],"text_setting_list":[]},"new_live_icon":{"url_list":["https://p3-webcast.douyinpic.com/img/webcast/aweme_pay_grade_2x_10_14.png~tplv-obj.image","https://p11-webcast.douyinpic.com/img/webcast/aweme_pay_grade_2x_10_14.png~tplv-obj.image"],"uri":"webcast/aweme_pay_grade_2x_10_14.png","height":12,"width":12,"avg_color":"","image_type":1,"open_web_url":"","is_animated":false,"flex_setting_list":[],"text_setting_list":[]},"upgrade_need_consume":0,"next_privileges":"","score":0,"grade_describe_shining":false,"grade_banner":""},"fans_club":{"data":{"club_name":"","level":0,"user_fans_club_status":0,"badge":{"icons":{"0":{"url_list":[],"uri":"","height":0,"width":0,"avg_color":"","image_type":0,"open_web_url":"","is_animated":false,"flex_setting_list":[],"text_setting_list":[]}},"title":""},"available_gift_ids":[],"anchor_id":0,"badge_type":0,"user_guard_status":0,"guard_expired_time":0,"anchor_open_id":""},"prefer_data":{}},"special_id":"","real_time_icons":[],"new_real_time_icons":[],"top_vip_no":0,"user_attr":{"is_muted":false,"is_admin":false,"is_super_admin":false,"admin_privileges":[]},"own_room":{"room_ids":[7546600447881333513],"room_ids_str":["7546600447881333513"],"room_ids_display":[]},"pay_score":0,"ticket_count":0,"link_mic_stats":1,"display_id":"xiao222chenxx","with_commerce_permission":false,"with_fusion_shop_entry":false,"total_recharge_diamond_count":0,"verified_content":"","top_fans":[],"sec_uid":"MS4wLjABAAAAUL3C4nq8vyMTztWLB_WqNM0fh4Pieihuls1I6Rw7gEQ","user_role":0,"authorization_info":3,"adversary_authorization_info":1,"media_badge_image_list":[],"adversary_user_status":0,"commerce_webcast_config_ids":[],"badge_image_list_v2":[{"url_list":["https://p3-webcast.douyinpic.com/img/webcast/webcast_anchor_badge.png~tplv-obj.image","https://p11-webcast.douyinpic.com/img/webcast/webcast_anchor_badge.png~tplv-obj.image"],"uri":"webcast/webcast_anchor_badge.png","height":16,"width":28,"avg_color":"","image_type":64,"open_web_url":"","content":{"name":"","font_color":"","level":0,"alternative_text":"勋章"},"is_animated":false,"flex_setting_list":[],"text_setting_list":[]},{"url_list":["https://p3-webcast.douyinpic.com/img/webcast/new_user_grade_level_v1_12.png~tplv-obj.image","https://p11-webcast.douyinpic.com/img/webcast/new_user_grade_level_v1_12.png~tplv-obj.image"],"uri":"webcast/new_user_grade_level_v1_12.png","height":16,"width":32,"avg_color":"","image_type":1,"open_web_url":"","content":{"name":"","font_color":"","level":12,"alternative_text":"荣誉等级12级勋章"},"is_animated":false,"flex_setting_list":[],"text_setting_list":[]}],"location_city":"青岛","fans_group_info":{"list_fans_group_url":"sslocal://webcast_lynxview?height=754\u0026radius=8\u0026gravity=bottom\u0026type=popup\u0026animation_type=present\u0026url=https%3A%2F%2Flf-webcast-sourcecdn-tos.bytegecko.com%2Fobj%2Fbyte-gurd-source%2Fwebcast%2Fmono%2Flynx%2Fdouyin_lynx_fansclub%2Ftemplate%2Fpages%2Ffansclub%2Ffans_group%2Fuser%2Ftemplate.js\u0026load_taro=0\u0026fallback_url=sslocal%3A%2F%2Fwebcast_webview%3Furl%3Dhttps%253A%252F%252Flf-webcast-sourcecdn-tos.bytegecko.com%252Fobj%252Fbyte-gurd-source%252Fwebcast%252Fmono%252Flynx%252Fdouyin_lynx_fansclub%252Ftemplate%252Fpages%252Ffansclub%252Ffans_group%252Fuser%252Findex.html%26type%3Dpopup%26gravity%3Dbottom%26height%3D754%26radius%3D8%26load_taro%3D0"},"remark_name":"","mystery_man":1,"web_rid":"261043594003","desensitized_nickname":"","j_accredit_info":{"JAccreditBasic":0,"JAccreditAdvance":0,"JAccreditContent":0,"JAccreditLive":0},"subscribe":{"is_member":false,"level":0,"identity_type":0,"buy_type":0,"open":0},"is_anonymous":false,"consume_diamond_level":0,"webcast_uid":"MS4wLjNxJum2bdZH1VPPfQpplSm-hpHVpKp0i_Eq1thlP3Fcumg4ldLjgzHwt9ndaA7Pe60","user_dress_info":{"dress_wear_ids":[],"dress_own_ids":[]},"public_area_oper_freq":0,"user_canceled":false,"allow_be_located":false,"allow_find_by_contacts":false,"allow_others_download_video":false,"allow_others_download_when_sharing_video":false,"allow_share_show_profile":false,"allow_show_in_gossip":false,"allow_show_my_action":false,"allow_strange_comment":false,"allow_unfollower_comment":false,"allow_use_linkmic":false,"bg_img_url":"","birthday_description":"","birthday_valid":false,"block_status":0,"comment_restrict":0,"constellation":"","disable_ichat":0,"enable_ichat_img":0,"exp":0,"fan_ticket_count":0,"fold_stranger_chat":false,"follow_status":0,"hotsoon_verified":false,"hotsoon_verified_reason":"","ichat_restrict_type":0,"id_str":"100489816468","is_follower":false,"is_following":false,"need_profile_guide":false,"pay_scores":0,"push_comment_status":false,"push_digg":false,"push_follow":false,"push_friend_action":false,"push_ichat":false,"push_status":false,"push_video_post":false,"push_video_recommend":false,"verified_mobile":false,"verified_reason":"","with_car_management_permission":false,"age_range":0,"watch_duration_month":0,"foreign_user":0,"user_open_id":""},"private_info":"","has_commerce_goods":false,"live_type_normal":false,"live_type_linkmic":false,"live_type_audio":false,"live_type_third_party":true,"live_type_screenshot":false,"live_type_sandbox":false,"live_type_official":false,"group_id":0,"orientation":0,"category":0,"tags":[],"start_time":0,"popularity":0,"popularity_str":"","fcdn_appid":0,"sell_goods":false,"web_count":0,"vertical_cover_uri":"","base_category":0,"room_auth":{"Chat":false,"Danmaku":false,"Gift":false,"LuckMoney":false,"Digg":false,"RoomContributor":false,"Props":false,"UserCard":true,"POI":false,"MoreAnchor":0,"Banner":0,"Share":0,"UserCorner":0,"Landscape":0,"LandscapeChat":0,"PublicScreen":0,"GiftAnchorMt":0,"RecordScreen":0,"DonationSticker":0,"HourRank":0,"CommerceCard":0,"AudioChat":0,"DanmakuDefault":0,"KtvOrderSong":0,"SelectionAlbum":0,"Like":0,"MultiplierPlayback":0,"DownloadVideo":0,"Collect":0,"TimedShutdown":0,"Seek":0,"Denounce":0,"Dislike":0,"OnlyTa":0,"CastScreen":0,"CommentWall":0,"BulletStyle":0,"ShowGamePlugin":0,"VSGift":0,"VSTopic":0,"VSRank":0,"AdminCommentWall":0,"CommerceComponent":0,"DouPlus":0,"GamePointsPlaying":0,"Poster":0,"Highlights":0,"TypingCommentState":0,"StrokeUpDownGuide":0,"UpRightStatsFloatingLayer":0,"CastScreenExplicit":0,"Selection":0,"IndustryService":0,"VerticalRank":0,"EnterEffects":0,"FansClub":0,"EmojiOutside":0,"CanSellTicket":0,"DouPlusPopularityGem":0,"MissionCenter":0,"ExpandScreen":0,"FansGroup":0,"Topic":0,"AnchorMission":0,"Teleprompter":0,"ChatDynamicSlideSpeed":0,"SmallWindowDisplay":0,"MessageDispatch":0,"RoomChannel":0,"ChatDispatch":0,"LinkmicGuestLike":0,"MediaLinkmic":0,"VideoShare":0,"ChatGuideEmoji":0,"ChatGuideImage":0,"PCPlay":0,"PadPlay":0,"LongTouch":0,"FirstFeedHistChat":0,"MoreHistChat":0,"WordAssociation":0,"LandscapeScreenCapture":0,"LandscapeScreenRecording":0,"ScreenProjectionBarrage":0,"SmallWindowPlayer":0,"ChatOperate":0,"EcomFansClub":0,"AudioChatTotext":0,"CommonCard":0,"ShortTouch":0,"HostTeamChannel":0,"LandscapeChatDynamicSlideSpeed":0,"HostTeam":0,"AnchorHotMessageAggregated":0,"AnchorColdMessageTiled":0,"ScreenBottomInfo":0,"PreviewHotCommentSwitch":0,"RoomWidget":0,"PanelECService":0,"FixedChat":0,"LandscapeGift":0,"HotChatTray":0,"ItemShare":0,"ShortTouchTempState":0,"StickyMessage":0,"ProjectionBtn":0,"ChatDynamicSlideSpeedAnchor":0,"PosterCache":0,"MediaHistoryMessage":0,"ToolbarBubble":0,"ImHeatValue":0,"InteractiveComponent":0,"ChatReply":0,"ChatMention":0,"FrequentlyChat":0,"StreamAdaptation":0,"VideoAmplificationType":0,"FeaturedPublicScreen":0,"LandscapeScreenShare":0,"VerticalScreenShare":0,"AnchorAudioChat":0,"PreviewChatExpose":0,"FusionEmoji":0,"MyLiveEntrance":0,"ChatIdentity":0,"MarkUser":0,"LongPressOption":0,"ClearEntranceOption":0,"PlayerRankList":0,"AIClone":0,"GiftVote":0,"TextGift":0,"FansClubLetter":0,"FansClubBlessing":0,"FansClubNotice":0,"FansClubDeclaration":0,"MessageGift":0,"EnhancedTouch":0,"ChatMentionV2":0,"RoomChatOperatePanel":0,"RoomChatLikeDisplay":0,"RoomSecretChat":0,"RoomAnchorFansChannel":0,"RoomPinHighlight":0,"HighlightAreaContainer":0,"LowPcuGuideChatData":0,"PreviewDanMaKu":0,"VsCommentBar":0,"VsWelcomeDanmaku":0,"VsFansClub":0,"VsExtensionEnableFollow":0,"VsDouPlus":0,"QuizGamePointsPlaying":0,"UgcVSReplayDelete":0,"UgcVsReplayVisibility":0,"InteractionGift":0,"SubscribeCardPackage":0,"ShowQualification":0,"UseHostInfo":0,"CountType":0},"room_tabs":[],"introduction":"","is_replay":false,"vid":"","group_source":0,"lottery_finish_time":0,"layout":0,"wait_copy":"","preview_copy":"","is_show_inquiry_ball":false,"use_filter":false,"gift_msg_style":0,"distance_km":"","finish_url":"","is_show_user_card_switch":false,"video_feed_tag":"直播中","forum_extra_data":"","fansclub_msg_style":0,"follow_msg_style":0,"share_msg_style":0,"room_layout":0,"short_title":"","book_time":0,"book_end_time":0,"room_audit_status":0,"live_distribution":[],"replay":false,"challenge_info":"","like_count":11773,"search_id":7546600417925401902,"anchor_scheduled_time_text":"","hot_sentence_info":"","replay_location":0,"stream_close_time":0,"content_tag":"","anchor_tab_type":0,"stamps":"","business_live":0,"with_ktv":false,"with_draw_something":false,"webcast_comment_tcs":0,"room_tag":0,"linker_map":{},"finish_reason":0,"room_cart":{"contain_cart":false,"total":0,"flash_total":0,"cart_icon":"","show_cart":0},"scroll_config":"","relation_tag":"","owner_device_id":0,"auto_cover":0,"app_id":0,"webcast_sdk_version":0,"comment_name_mode":0,"room_create_ab_param":"","pre_enter_time":0,"ranklist_audience_type":0,"preview_flow_tag":0,"AnchorABMap":{"ab_admin_comment_on_wall":"0","ab_friend_chat":"4","admin_optimize_third":"0","admin_privilege_refine":"2","allow_shared_to_fans":"false","audience_linkmic_continue":"0","audio_1v8_stage_enlarge":"1","audio_double_enlarge_enable":"1","audio_radio_v2":"1","audio_room_subtitle_opt":"3","battle_match_rebuild_anchor":"2","big_party_enable_open_camera":"2","chat_intercommunicate_multi_anchor":"2","chat_intercommunicate_pk":"2","cross_default_enlarge":"1","cross_link_support_enlarge_guest":"1","cross_room_battle_pop_mode":"1","double_enlarge_enable":"1","ecom_room_disable_gift":"0","enable_enter_by_sharing":"0","enable_link_guest_enter":"0","enter_message_tip_relation":"0","enter_source_mark":"0","frequently_chat_ab_value":"2","friend_room_audio_tuning":"1","friend_room_support_ns_mode":"0","friend_share_video_feature_type":"3","game_link_entrance":"0","gift_comment":"0","gift_hide_tip":"2","guest_battle_crown_upgrade":"0","guest_battle_expand":"0","guest_battle_score_expand":"2","guest_battle_upgrade":"2","interact_acting_ab":"1","interact_anchor_guide":"0","ktv_anchor_enable_add_all":"1","ktv_auto_mute_self":"0","ktv_challenge_minus_gift":"0","ktv_component_new_midi":"3","ktv_enable_avatar":"0","ktv_enable_open_camera":"0","ktv_fragment_song":"0","ktv_grab_guide_song":"0","ktv_guide_song_switch":"0","ktv_kick_when_linker_full":"0","ktv_mc_host_show_tag":"0","ktv_new_challenge":"1","ktv_room_atmosphere":"0","ktv_singing_hot_rank":"0","ktv_video_stream_optimize":"0","ktv_want_listen_enable":"2","linkmic_multi_chorus":"2","linkmic_order_sing_search_fingerprint":"1","linkmic_order_sing_upgrade":"1","linkmic_starwish":"1","live_anchor_enable_chorus":"false","live_anchor_enable_custom_position":"1","live_anchor_hit_new_audience_linkmic":"0","live_anchor_hit_position_opt":"2","live_anchor_hit_video_bid_paid":"0","live_anchor_hit_video_teamfight":"0","live_answer_on_wall":"0","live_audience_linkmic_pre_apply_v2":"1","live_audio_enable_c_position":"2","live_backup_sei_enable":"true","live_dou_plus_enter":"0","live_ktv_enable_beat":"0","live_ktv_group":"0","live_ktv_show_singer_icon":"1","live_ktv_singing_challenge":"0","live_linkmic_battle_optimize":"1","live_linkmic_ktv_anchor_lyric_mode":"0","live_linkmic_order_sing_micro_opt":"3","live_linkmic_order_sing_v3":"2","live_pc_helper_new_layout":"1","live_room_manage_style":"0","live_team_fight_flexible":"1","live_video_enable_c_position":"2","live_video_enable_self_discipline":"2","live_video_host_identity_enable":"0","live_video_share":"0","lonely_room_enter_msg_unfold":"0","mark_user":"0","merge_ktv_mode_enable":"1","merge_ktv_optimize_enable":"2","multi_link_biz_access_backup_sei_config":"14","opt_audience_linkmic":"3","opt_paid_link_feature_switch":"0","optran_paid_linkmic":"2","order_sing_mv":"1","play_mode_opt_24":"1","ps_use_new_panel":"0","radio_prepare_apply":"0","room_battle_mode_switch":"2","room_battle_mode_switch_audio":"3","room_battle_video_audio_interconnection":"1","room_double_like":"0","room_secret_chat":"1","self_discipline_v2":"1","self_discipline_v3":"1","social_share_video_adjust_volume":"0","support_multiple_add_price":"0","themed_competition_v2":"1","traffic_strategy":"0","video_equal_1v8fix_switch":"1","video_ktv_challenge":"0","video_talk_enable_avatar":"2"},"linkmic_display_type":0,"city_top_distance":"","live_room_mode":1,"highlight":false,"is_official_channel_room":false,"fans_group_admin_user_ids":[],"official_channel_uid":0,"live_platform_source":"","acquaintance_status":0,"live_type_vs_live":false,"live_type_vs_premiere":false,"vs_roles":[],"item_explicit_info":"","sofa_layout":0,"is_need_check_list":false,"assist_label":{"label_type":76,"display_type":1,"splice_label":{"text":"你的粉丝团达1级","text_color":"#FFFFFF","background_image":{"url_list":["https://p11-webcast.douyinpic.com/img/webcast/bg_tag_position2_opacity_3x_2.png~tplv-resize:0:0.image","https://p3-webcast.douyinpic.com/img/webcast/bg_tag_position2_opacity_3x_2.png~tplv-resize:0:0.image"],"uri":"webcast/bg_tag_position2_opacity_3x_2.png","height":0,"width":0,"avg_color":"#7A536D","image_type":0,"open_web_url":"","is_animated":false,"flex_setting_list":[],"text_setting_list":[]},"background_color":"","icon_width":0,"icon_height":0,"icon_raduis":0,"text_front_size":0,"text_front_bold":0,"text_front_italic":0},"extra":"","et_extra":{}},"filter_words":[],"dynamic_label":{"label_type":0,"display_type":1,"splice_label":{"text":"直播中","text_color":"#FFFFFF","background_image":{"url_list":["https://p3-webcast.douyinpic.com/img/webcast/livetag_background_live_video.png~tplv-resize:0:0.image","https://p11-webcast.douyinpic.com/img/webcast/livetag_background_live_video.png~tplv-resize:0:0.image"],"uri":"webcast/livetag_background_live_video.png","height":0,"width":0,"avg_color":"#CCA3A3","image_type":0,"open_web_url":"","is_animated":false,"flex_setting_list":[],"text_setting_list":[]},"background_color":"","icon_width":0,"icon_height":0,"icon_raduis":0,"text_front_size":0,"text_front_bold":0,"text_front_italic":0},"extra":"","et_extra":{}},"linker_detail":{"linker_play_modes":[],"big_party_layout_config_version":0,"accept_audience_pre_apply":false,"linker_ui_layout":0,"enable_audience_linkmic":0,"function_type":"","linker_map_str":{},"ktv_lyric_mode":"","init_source":"","forbid_apply_from_other":false,"ktv_exhibit_mode":0,"enlarge_guest_turn_on_source":0,"playmode_detail":{},"client_ui_info":"","manual_open_ui":0,"feature_list":[]},"visibility_range":0,"game_room_type":0,"paid_live_data":{"paid_type":0,"view_right":0,"duration":0,"delivery":0,"need_delivery_notice":false,"anchor_right":0,"pay_ab_type":1,"privilege_info":{},"privilege_info_map":{},"max_preview_duration":0},"title_recommend":false,"danmaku_detail":0,"has_promotion_games":0,"toutiao_cover_recommend_level":0,"toutiao_title_recommend_level":0,"upper_right_widget_data_list":[],"assist_label_list":[],"with_aggregate_column":false,"auth_city":"","pack_meta":{"scene":"douyin_pc_search(prod_all_dc/rpc/topo)","env":"prod","dc":"lq","trace_id":"","cluster":"default","extras":{}},"room_view_stats":{"is_hidden":true,"display_short":"","display_middle":"","display_long":"","display_value":0,"display_version":1663849727,"incremental":false,"display_type":6,"display_short_anchor":"","display_middle_anchor":"","display_long_anchor":""},"redpacket_audience_auth":0,"vs_main_replay_id":0,"screen_capture_sharing_title":"","sharing_music_id_list":[],"others":{"lvideo_item_id":0,"mosaic_version":0,"web_data":{"additional_stream_url":{"provider":0,"id":117915632629973819,"id_str":"117915632629973819","resolution_name":{"FULL_HD1":"蓝光","HD1":"超清","ORIGION":"原画","SD1":"标清","SD2":"高清"},"default_resolution":"HD1","extra":{"height":1080,"width":1920,"fps":0,"max_bitrate":0,"min_bitrate":0,"default_bitrate":0,"bitrate_adapt_strategy":0,"anchor_interact_profile":0,"audience_interact_profile":0,"hardware_encode":false,"video_profile":0,"h265_enable":false,"gop_sec":0,"bframe_enable":false,"roi":false,"sw_roi":false,"bytevc1_enable":false},"rtmp_push_url":"","rtmp_pull_url":"http://pull-flv-t1.douyincdn.com/thirdgame/stream-117915632629973819.flv?arch_hrchy=w1\u0026exp_hrchy=w1\u0026keeptime=00093a80\u0026major_anchor_level=common\u0026t_id=037-20250905230304D9C8249692987B1D9909-K94IcM\u0026unique_id=stream-117915632629973819_827_flv\u0026wsSecret=67fe3454dcb9af5458c4c278bb42bb87\u0026wsTime=68bafba8","flv_pull_url":{"FULL_HD1":"http://pull-flv-t1.douyincdn.com/thirdgame/stream-117915632629973819.flv?arch_hrchy=w1\u0026exp_hrchy=w1\u0026keeptime=00093a80\u0026major_anchor_level=common\u0026t_id=037-20250905230304D9C8249692987B1D9909-K94IcM\u0026unique_id=stream-117915632629973819_827_flv\u0026wsSecret=67fe3454dcb9af5458c4c278bb42bb87\u0026wsTime=68bafba8","HD1":"http://pull-flv-t1.douyincdn.com/thirdgame/stream-117915632629973819_hd5.flv?arch_hrchy=w1\u0026exp_hrchy=w1\u0026keeptime=00093a80\u0026major_anchor_level=common\u0026t_id=037-20250905230304D9C8249692987B1D9909-K94IcM\u0026unique_id=stream-117915632629973819_827_flv_hd5\u0026wsSecret=c8578e19eb2e3821c23598ee78f98a4b\u0026wsTime=68bafba8","SD1":"http://pull-flv-t1.douyincdn.com/thirdgame/stream-117915632629973819_ld5.flv?arch_hrchy=w1\u0026exp_hrchy=w1\u0026keeptime=00093a80\u0026major_anchor_level=common\u0026t_id=037-20250905230304D9C8249692987B1D9909-K94IcM\u0026unique_id=stream-117915632629973819_827_flv_ld5\u0026wsSecret=d9f556e91bb318fcdf076180ad0cc13d\u0026wsTime=68bafba8","SD2":"http://pull-flv-t1.douyincdn.com/thirdgame/stream-117915632629973819_sd5.flv?arch_hrchy=w1\u0026exp_hrchy=w1\u0026keeptime=00093a80\u0026major_anchor_level=common\u0026t_id=037-20250905230304D9C8249692987B1D9909-K94IcM\u0026unique_id=stream-117915632629973819_827_flv_sd5\u0026wsSecret=6b6ae0aa67a63bf5dc29a536809a04a9\u0026wsTime=68bafba8"},"candidate_resolution":["SD1","SD2","HD1"],"hls_pull_url":"http://pull-hls-t1.douyincdn.com/thirdgame/stream-117915632629973819_hd5/playlist.m3u8?arch_hrchy=w1\u0026exp_hrchy=w1\u0026keeptime=00093a80\u0026major_anchor_level=common\u0026t_id=037-20250905230304D9C8249692987B1D9909-K94IcM\u0026wsSecret=fa44887b7ece50db47de98ffd2745be9\u0026wsTime=68bafba8","hls_pull_url_params":"{\"VCodec\":\"bytevc1\"}","rtmp_pull_url_params":"{\"VCodec\":\"bytevc1\"}","flv_pull_url_params":{"HD1":"{\"VCodec\":\"bytevc1\"}","SD1":"{\"VCodec\":\"bytevc1\"}","SD2":"{\"VCodec\":\"bytevc1\"}"},"rtmp_push_url_params":"","push_urls":[],"live_core_sdk_data":{"pull_data":{"stream_data":"{\"common\":{\"ts\":\"1757084584\",\"session_id\":\"037-20250905230304D9C8249692987B1D9909-K94IcM\",\"stream\":\"117915632629973819\",\"version\":0,\"rule_ids\":\"{\\\"ab_version_trace\\\":null,\\\"sched\\\":\\\"{\\\\\\\"result\\\\\\\":{\\\\\\\"hit\\\\\\\":\\\\\\\"determined\\\\\\\",\\\\\\\"cdn\\\\\\\":1130},\\\\\\\"ids\\\\\\\":[\\\\\\\"ex_2937(Weight:0)\\\\\\\"]}\\\"}\",\"common_trace\":\"{\\\"StrategyTrace\\\":{\\\"Neptune\\\":{\\\"PlayStream\\\":{\\\"ids\\\":null}}},\\\"BusinessType\\\":\\\"GameHigh\\\",\\\"SceneNames\\\":[\\\"douyin_game_tag\\\"],\\\"SceneTags\\\":{\\\"douyin_game_tag\\\":\\\"1010011\\\"},\\\"BigeventAnchorLevel\\\":\\\"\\\"}\",\"app_id\":\"100034\",\"major_anchor_level\":\"common\",\"mode\":\"Normal\",\"lines\":{\"main\":\"line_1130\"},\"p2p_params\":{\"PcdnIsolationConfig\":{\"StunV4Domain\":\"vc-mirror.ndcpp.com\",\"StunV6Domain\":\"vc-mirror-v6.ndcpp.com\",\"HoleV4Domain\":\"vcl-hole.ndcppx.com\",\"HoleV6Domain\":\"vcl-hole-v6.ndcppx.com\",\"IsolationName\":\"isolation2\",\"FsV4Domain\":\"vcl-brain.ndcppx.com\",\"FsV6Domain\":\"vcl-brain-v6.ndcppx.com\"}},\"stream_data_content_encoding\":\"default\",\"common_sdk_params\":{\"main\":\"{}\"},\"stream_name\":\"stream-117915632629973819\",\"main_push_id\":827,\"backup_push_id\":0},\"data\":{\"hd\":{\"main\":{\"flv\":\"http://pull-flv-t1.douyincdn.com/thirdgame/stream-117915632629973819_hd5.flv?arch_hrchy=w1\u0026exp_hrchy=w1\u0026keeptime=00093a80\u0026major_anchor_level=common\u0026t_id=037-20250905230304D9C8249692987B1D9909-K94IcM\u0026unique_id=stream-117915632629973819_827_flv_hd5\u0026wsSecret=c8578e19eb2e3821c23598ee78f98a4b\u0026wsTime=68bafba8\",\"hls\":\"http://pull-hls-t1.douyincdn.com/thirdgame/stream-117915632629973819_hd5/playlist.m3u8?arch_hrchy=w1\u0026exp_hrchy=w1\u0026keeptime=00093a80\u0026major_anchor_level=common\u0026t_id=037-20250905230304D9C8249692987B1D9909-K94IcM\u0026wsSecret=fa44887b7ece50db47de98ffd2745be9\u0026wsTime=68bafba8\",\"cmaf\":\"\",\"dash\":\"\",\"lls\":\"http://pull-lls-t1.douyincdn.com/thirdgame/stream-117915632629973819_hd5.sdp?arch_hrchy=w1\u0026exp_hrchy=w1\u0026keeptime=00093a80\u0026major_anchor_level=common\u0026t_id=037-20250905230304D9C8249692987B1D9909-K94IcM\u0026unique_id=stream-117915632629973819_827_lls_hd5\u0026wsSecret=9bbd98c9f91ce9e41ff22ece0596f7b1\u0026wsTime=68bafba8\",\"tsl\":\"\",\"tile\":\"\",\"http_ts\":\"\",\"ll_hls\":\"\",\"sdk_params\":\"{\\\"VCodec\\\":\\\"bytevc1\\\",\\\"vbitrate\\\":6000000,\\\"resolution\\\":\\\"1280x720\\\",\\\"gop\\\":4,\\\"drType\\\":\\\"sdr\\\",\\\"fps\\\":60}\",\"enableEncryption\":false,\"templateRealTimeInfo\":{\"name\":\"hd5\",\"bitrateKbps\":3161.08,\"updatedTime\":1757083191335}}},\"sd\":{\"main\":{\"flv\":\"http://pull-flv-t1.douyincdn.com/thirdgame/stream-117915632629973819_sd5.flv?arch_hrchy=w1\u0026exp_hrchy=w1\u0026keeptime=00093a80\u0026major_anchor_level=common\u0026t_id=037-20250905230304D9C8249692987B1D9909-K94IcM\u0026unique_id=stream-117915632629973819_827_flv_sd5\u0026wsSecret=6b6ae0aa67a63bf5dc29a536809a04a9\u0026wsTime=68bafba8\",\"hls\":\"http://pull-hls-t1.douyincdn.com/thirdgame/stream-117915632629973819_sd5/playlist.m3u8?arch_hrchy=w1\u0026exp_hrchy=w1\u0026keeptime=00093a80\u0026major_anchor_level=common\u0026t_id=037-20250905230304D9C8249692987B1D9909-K94IcM\u0026wsSecret=ba17b18dca52ec204d42997b57514207\u0026wsTime=68bafba8\",\"cmaf\":\"\",\"dash\":\"\",\"lls\":\"http://pull-lls-t1.douyincdn.com/thirdgame/stream-117915632629973819_sd5.sdp?arch_hrchy=w1\u0026exp_hrchy=w1\u0026keeptime=00093a80\u0026major_anchor_level=common\u0026t_id=037-20250905230304D9C8249692987B1D9909-K94IcM\u0026unique_id=stream-117915632629973819_827_lls_sd5\u0026wsSecret=13037d45609d9f085363dc52d0c2b4f0\u0026wsTime=68bafba8\",\"tsl\":\"\",\"tile\":\"\",\"http_ts\":\"\",\"ll_hls\":\"\",\"sdk_params\":\"{\\\"VCodec\\\":\\\"bytevc1\\\",\\\"vbitrate\\\":2000000,\\\"resolution\\\":\\\"1280x720\\\",\\\"gop\\\":4,\\\"drType\\\":\\\"sdr\\\",\\\"fps\\\":30}\",\"enableEncryption\":false,\"templateRealTimeInfo\":{\"name\":\"sd5\",\"bitrateKbps\":1915.85,\"updatedTime\":1757082531991}}},\"ao\":{\"main\":{\"flv\":\"http://pull-flv-t1.douyincdn.com/thirdgame/stream-117915632629973819.flv?arch_hrchy=w1\u0026eupf_relay_mode=err\u0026exp_hrchy=w1\u0026keeptime=00093a80\u0026major_anchor_level=common\u0026only_audio=1\u0026t_id=037-20250905230304D9C8249692987B1D9909-K94IcM\u0026unique_id=stream-117915632629973819_827_flv\u0026wsSecret=67fe3454dcb9af5458c4c278bb42bb87\u0026wsTime=68bafba8\",\"hls\":\"\",\"cmaf\":\"\",\"dash\":\"\",\"lls\":\"\",\"tsl\":\"\",\"tile\":\"\",\"http_ts\":\"\",\"ll_hls\":\"\",\"sdk_params\":\"{\\\"VCodec\\\":\\\"h264\\\",\\\"vbitrate\\\":0,\\\"resolution\\\":\\\"\\\",\\\"gop\\\":2,\\\"drType\\\":\\\"sdr\\\",\\\"fps\\\":0}\",\"enableEncryption\":false}},\"md\":{\"main\":{\"flv\":\"https://pull-flv-t1-admin.douyincdn.com/thirdgame/stream-117915632629973819_md.flv?arch_hrchy=w1\u0026exp_hrchy=w1\u0026keeptime=00093a80\u0026major_anchor_level=common\u0026t_id=037-20250905230304D9C8249692987B1D9909-K94IcM\u0026unique_id=stream-117915632629973819_827_flv_md\u0026wsSecret=109b89d755c731fc38ac50c961bbe805\u0026wsTime=68bafba8\",\"hls\":\"http://pull-hls-t1.douyincdn.com/thirdgame/stream-117915632629973819_md/playlist.m3u8?arch_hrchy=w1\u0026exp_hrchy=w1\u0026keeptime=00093a80\u0026major_anchor_level=common\u0026t_id=037-20250905230304D9C8249692987B1D9909-K94IcM\u0026wsSecret=993838a07433c1c73499fac3a52ed717\u0026wsTime=68bafba8\",\"cmaf\":\"\",\"dash\":\"\",\"lls\":\"http://pull-lls-t1.douyincdn.com/thirdgame/stream-117915632629973819_md.sdp?arch_hrchy=w1\u0026exp_hrchy=w1\u0026keeptime=00093a80\u0026major_anchor_level=common\u0026t_id=037-20250905230304D9C8249692987B1D9909-K94IcM\u0026unique_id=stream-117915632629973819_827_lls_md\u0026wsSecret=22be240363351060aa58fc04aa90b869\u0026wsTime=68bafba8\",\"tsl\":\"\",\"tile\":\"\",\"http_ts\":\"\",\"ll_hls\":\"\",\"sdk_params\":\"{\\\"VCodec\\\":\\\"h264\\\",\\\"vbitrate\\\":800000,\\\"resolution\\\":\\\"640x360\\\",\\\"gop\\\":4,\\\"drType\\\":\\\"sdr\\\",\\\"fps\\\":15}\",\"enableEncryption\":false}},\"origin\":{\"main\":{\"flv\":\"http://pull-flv-t1.douyincdn.com/thirdgame/stream-117915632629973819.flv?arch_hrchy=w1\u0026exp_hrchy=w1\u0026keeptime=00093a80\u0026major_anchor_level=common\u0026t_id=037-20250905230304D9C8249692987B1D9909-K94IcM\u0026unique_id=stream-117915632629973819_827_flv\u0026wsSecret=67fe3454dcb9af5458c4c278bb42bb87\u0026wsTime=68bafba8\",\"hls\":\"http://pull-hls-t1.douyincdn.com/thirdgame/stream-117915632629973819/playlist.m3u8?arch_hrchy=w1\u0026exp_hrchy=w1\u0026keeptime=00093a80\u0026major_anchor_level=common\u0026t_id=037-20250905230304D9C8249692987B1D9909-K94IcM\u0026wsSecret=4f989793ab87c2162e73365c0b73effd\u0026wsTime=68bafba8\",\"cmaf\":\"\",\"dash\":\"\",\"lls\":\"http://pull-lls-t1.douyincdn.com/thirdgame/stream-117915632629973819.sdp?arch_hrchy=w1\u0026exp_hrchy=w1\u0026keeptime=00093a80\u0026major_anchor_level=common\u0026t_id=037-20250905230304D9C8249692987B1D9909-K94IcM\u0026unique_id=stream-117915632629973819_827_lls\u0026wsSecret=c9e07d0794fa98e43dd772ad270a6350\u0026wsTime=68bafba8\",\"tsl\":\"\",\"tile\":\"\",\"http_ts\":\"\",\"ll_hls\":\"\",\"sdk_params\":\"{\\\"VCodec\\\":\\\"bytevc1\\\",\\\"vbitrate\\\":4683776,\\\"resolution\\\":\\\"1920x1080\\\",\\\"gop\\\":2,\\\"drType\\\":\\\"sdr\\\",\\\"fps\\\":60}\",\"enableEncryption\":false,\"templateRealTimeInfo\":{\"name\":\"origin\",\"bitrateKbps\":4499.27,\"updatedTime\":1757084574681}}},\"ld\":{\"main\":{\"flv\":\"http://pull-flv-t1.douyincdn.com/thirdgame/stream-117915632629973819_ld5.flv?arch_hrchy=w1\u0026exp_hrchy=w1\u0026keeptime=00093a80\u0026major_anchor_level=common\u0026t_id=037-20250905230304D9C8249692987B1D9909-K94IcM\u0026unique_id=stream-117915632629973819_827_flv_ld5\u0026wsSecret=d9f556e91bb318fcdf076180ad0cc13d\u0026wsTime=68bafba8\",\"hls\":\"http://pull-hls-t1.douyincdn.com/thirdgame/stream-117915632629973819_ld5/playlist.m3u8?arch_hrchy=w1\u0026exp_hrchy=w1\u0026keeptime=00093a80\u0026major_anchor_level=common\u0026t_id=037-20250905230304D9C8249692987B1D9909-K94IcM\u0026wsSecret=87bc14768a53c111e77231f8d86b93ff\u0026wsTime=68bafba8\",\"cmaf\":\"\",\"dash\":\"\",\"lls\":\"http://pull-lls-t1.douyincdn.com/thirdgame/stream-117915632629973819_ld5.sdp?arch_hrchy=w1\u0026exp_hrchy=w1\u0026keeptime=00093a80\u0026major_anchor_level=common\u0026t_id=037-20250905230304D9C8249692987B1D9909-K94IcM\u0026unique_id=stream-117915632629973819_827_lls_ld5\u0026wsSecret=221ef4c616696739ea9afcfc7fa0516d\u0026wsTime=68bafba8\",\"tsl\":\"\",\"tile\":\"\",\"http_ts\":\"\",\"ll_hls\":\"\",\"sdk_params\":\"{\\\"VCodec\\\":\\\"bytevc1\\\",\\\"vbitrate\\\":1000000,\\\"resolution\\\":\\\"960x540\\\",\\\"gop\\\":4,\\\"drType\\\":\\\"sdr\\\",\\\"fps\\\":25}\",\"enableEncryption\":false}}}}","options":{"default_quality":{"name":"超清","sdk_key":"hd","v_codec":"bytevc1","resolution":"1280x720","level":3,"v_bit_rate":0,"additional_content":"","fps":0,"disable":0},"qualities":[{"name":"标清","sdk_key":"ld","v_codec":"bytevc1","resolution":"960x540","level":1,"v_bit_rate":1000000,"additional_content":"","fps":25,"disable":0},{"name":"高清","sdk_key":"sd","v_codec":"bytevc1","resolution":"1280x720","level":2,"v_bit_rate":2000000,"additional_content":"","fps":30,"disable":0},{"name":"超清","sdk_key":"hd","v_codec":"bytevc1","resolution":"1280x720","level":3,"v_bit_rate":6000000,"additional_content":"","fps":60,"disable":0},{"name":"蓝光","sdk_key":"origin","v_codec":"bytevc1","resolution":"1920x1080","level":4,"v_bit_rate":4683776,"additional_content":"","fps":60,"disable":0}],"vpass_default":false},"version":0,"hls_data_unencrypted":{},"kind":0,"Hls":[{"url":"http://pull-flv-t1.douyincdn.com/thirdgame/stream-117915632629973819_ld5.flv?arch_hrchy=w1\u0026exp_hrchy=w1\u0026keeptime=00093a80\u0026major_anchor_level=common\u0026t_id=037-20250905230304D9C8249692987B1D9909-K94IcM\u0026unique_id=stream-117915632629973819_827_flv_ld5\u0026wsSecret=d9f556e91bb318fcdf076180ad0cc13d\u0026wsTime=68bafba8","quality_name":"ld","params":"{\"VCodec\":\"bytevc1\"}"},{"url":"http://pull-flv-t1.douyincdn.com/thirdgame/stream-117915632629973819_sd5.flv?arch_hrchy=w1\u0026exp_hrchy=w1\u0026keeptime=00093a80\u0026major_anchor_level=common\u0026t_id=037-20250905230304D9C8249692987B1D9909-K94IcM\u0026unique_id=stream-117915632629973819_827_flv_sd5\u0026wsSecret=6b6ae0aa67a63bf5dc29a536809a04a9\u0026wsTime=68bafba8","quality_name":"sd","params":"{\"VCodec\":\"bytevc1\"}"},{"url":"http://pull-flv-t1.douyincdn.com/thirdgame/stream-117915632629973819_hd5.flv?arch_hrchy=w1\u0026exp_hrchy=w1\u0026keeptime=00093a80\u0026major_anchor_level=common\u0026t_id=037-20250905230304D9C8249692987B1D9909-K94IcM\u0026unique_id=stream-117915632629973819_827_flv_hd5\u0026wsSecret=c8578e19eb2e3821c23598ee78f98a4b\u0026wsTime=68bafba8","quality_name":"hd","params":"{\"VCodec\":\"bytevc1\"}"},{"url":"http://pull-flv-t1.douyincdn.com/thirdgame/stream-117915632629973819.flv?arch_hrchy=w1\u0026exp_hrchy=w1\u0026keeptime=00093a80\u0026major_anchor_level=common\u0026t_id=037-20250905230304D9C8249692987B1D9909-K94IcM\u0026unique_id=stream-117915632629973819_827_flv\u0026wsSecret=67fe3454dcb9af5458c4c278bb42bb87\u0026wsTime=68bafba8","quality_name":"origin","params":"{\"VCodec\":\"bytevc1\"}"}],"Flv":[{"url":"http://pull-flv-t1.douyincdn.com/thirdgame/stream-117915632629973819_ld5.flv?arch_hrchy=w1\u0026exp_hrchy=w1\u0026keeptime=00093a80\u0026major_anchor_level=common\u0026t_id=037-20250905230304D9C8249692987B1D9909-K94IcM\u0026unique_id=stream-117915632629973819_827_flv_ld5\u0026wsSecret=d9f556e91bb318fcdf076180ad0cc13d\u0026wsTime=68bafba8","quality_name":"ld","params":"{\"VCodec\":\"bytevc1\"}"},{"url":"http://pull-flv-t1.douyincdn.com/thirdgame/stream-117915632629973819_sd5.flv?arch_hrchy=w1\u0026exp_hrchy=w1\u0026keeptime=00093a80\u0026major_anchor_level=common\u0026t_id=037-20250905230304D9C8249692987B1D9909-K94IcM\u0026unique_id=stream-117915632629973819_827_flv_sd5\u0026wsSecret=6b6ae0aa67a63bf5dc29a536809a04a9\u0026wsTime=68bafba8","quality_name":"sd","params":"{\"VCodec\":\"bytevc1\"}"},{"url":"http://pull-flv-t1.douyincdn.com/thirdgame/stream-117915632629973819_hd5.flv?arch_hrchy=w1\u0026exp_hrchy=w1\u0026keeptime=00093a80\u0026major_anchor_level=common\u0026t_id=037-20250905230304D9C8249692987B1D9909-K94IcM\u0026unique_id=stream-117915632629973819_827_flv_hd5\u0026wsSecret=c8578e19eb2e3821c23598ee78f98a4b\u0026wsTime=68bafba8","quality_name":"hd","params":"{\"VCodec\":\"bytevc1\"}"},{"url":"http://pull-flv-t1.douyincdn.com/thirdgame/stream-117915632629973819.flv?arch_hrchy=w1\u0026exp_hrchy=w1\u0026keeptime=00093a80\u0026major_anchor_level=common\u0026t_id=037-20250905230304D9C8249692987B1D9909-K94IcM\u0026unique_id=stream-117915632629973819_827_flv\u0026wsSecret=67fe3454dcb9af5458c4c278bb42bb87\u0026wsTime=68bafba8","quality_name":"origin","params":"{\"VCodec\":\"bytevc1\"}"}],"codec":"bytevc1","compensatory_data":""},"push_data":{"resolution_params":{},"push_stream_level":4,"pre_schedule":false,"rtmp_push_url":"","push_params":"","kind":0,"stream_id":0,"stream_id_str":""},"size":""},"hls_pull_url_map":{"FULL_HD1":"http://pull-hls-t1.douyincdn.com/thirdgame/stream-117915632629973819/playlist.m3u8?arch_hrchy=w1\u0026exp_hrchy=w1\u0026keeptime=00093a80\u0026major_anchor_level=common\u0026t_id=037-20250905230304D9C8249692987B1D9909-K94IcM\u0026wsSecret=4f989793ab87c2162e73365c0b73effd\u0026wsTime=68bafba8","HD1":"http://pull-hls-t1.douyincdn.com/thirdgame/stream-117915632629973819_hd5/playlist.m3u8?arch_hrchy=w1\u0026exp_hrchy=w1\u0026keeptime=00093a80\u0026major_anchor_level=common\u0026t_id=037-20250905230304D9C8249692987B1D9909-K94IcM\u0026wsSecret=fa44887b7ece50db47de98ffd2745be9\u0026wsTime=68bafba8","SD1":"http://pull-hls-t1.douyincdn.com/thirdgame/stream-117915632629973819_ld5/playlist.m3u8?arch_hrchy=w1\u0026exp_hrchy=w1\u0026keeptime=00093a80\u0026major_anchor_level=common\u0026t_id=037-20250905230304D9C8249692987B1D9909-K94IcM\u0026wsSecret=87bc14768a53c111e77231f8d86b93ff\u0026wsTime=68bafba8","SD2":"http://pull-hls-t1.douyincdn.com/thirdgame/stream-117915632629973819_sd5/playlist.m3u8?arch_hrchy=w1\u0026exp_hrchy=w1\u0026keeptime=00093a80\u0026major_anchor_level=common\u0026t_id=037-20250905230304D9C8249692987B1D9909-K94IcM\u0026wsSecret=ba17b18dca52ec204d42997b57514207\u0026wsTime=68bafba8"},"complete_push_urls":[],"stream_control_type":4,"stream_orientation":2,"push_stream_type":1,"pull_datas":{},"play":{"horizontal":"main","vertical":"main"},"push_datas":{},"vr_type":0}},"metric_tracker_data_list":[],"room_chat_guide_locale_city":""},"owner_open_id":"","admin_user_open_ids":[],"fans_group_admin_user_open_ids":[],"official_channel_open_id":""},"extra":{"now":1757084584171},"status_code":0}